#Wavenumber (cm^-1); Spectrum (K*cm*km*mol^-1); Integral (K*km*mol^-1)
0.00; 13.344364; 13.583986760241
1.02; 13.739498; 27.570202960685
2.04; 14.87864; 42.716016696859
3.05; 16.635196; 59.649928882076
4.07; 18.834531; 78.822668648807
5.09; 21.295303; 100.50036867833
6.11; 23.866459; 124.79539432251
7.13; 26.449371; 151.71971280963
8.14; 29.001281; 181.24176586231
9.16; 31.523571; 213.33140065873
10.18; 34.043339; 247.98605083337
11.20; 36.59742; 285.24064491303
12.22; 39.224444; 325.16943604935
13.23; 41.964982; 367.88797640284
14.25; 44.865024; 413.5586348309
15.27; 47.97643; 462.396570673
16.29; 51.350118; 514.66877477743
17.31; 55.022394; 570.67919742741
18.32; 58.999404; 630.73804430919
19.34; 63.246703; 695.12045861901
20.36; 67.689328; 764.02527353899
21.38; 72.223185; 837.54535932944
22.40; 76.733463; 915.65671303645
23.41; 81.11275; 998.22599267799
24.43; 85.272293; 1085.0295074269
25.45; 89.144005; 1175.7742578837
26.47; 92.676331; 1270.1147633643
27.48; 95.83075; 1367.6663316118
28.50; 98.5854; 1468.0220142777
29.52; 100.94767; 1570.7823880686
30.54; 102.97088; 1675.6022988138
31.56; 104.76472; 1782.2482676032
32.57; 106.4888; 1890.6492677262
33.59; 108.32383; 2000.9182560429
34.61; 110.42552; 2113.326673556
35.63; 112.87571; 2228.2292729547
36.65; 115.6511; 2345.9570997856
37.66; 118.62647; 2466.7137228582
38.68; 121.61774; 2590.5153293691
39.70; 124.45434; 2717.2044782056
40.72; 127.05614; 2846.5421425261
41.74; 129.48444; 2978.3517175603
42.75; 131.94305; 3112.6640477808
43.77; 134.72189; 3249.805121817
44.79; 138.0979; 3390.3828200219
45.81; 142.22564; 3535.1623877431
46.83; 147.05777; 3684.860856596
47.84; 152.32732; 3839.9234908843
48.86; 157.60404; 4000.3575992356
49.88; 162.41102; 4165.6850098833
50.90; 166.36566; 4335.0380740568
51.92; 169.29935; 4507.3775068998
52.93; 171.31603; 4681.7698357244
53.95; 172.76952; 4857.6417522675
54.97; 174.16591; 5034.935137953
55.99; 176.02143; 5214.1173550973
57.01; 178.71917; 5396.0457556887
58.02; 182.40716; 5581.7283734047
59.04; 186.96517; 5772.0508492862
60.06; 192.04564; 5967.5450190544
61.08; 197.1718; 6168.2574020023
62.10; 201.86115; 6373.7433372798
63.11; 205.73823; 6583.175981132
64.13; 208.6081; 6795.5300275137
65.15; 210.476; 7009.7855140413
66.17; 211.516; 7225.0996735646
67.19; 212.00479; 7440.9114059622
68.20; 212.2442; 7656.9668385306
69.22; 212.49511; 7873.2776933951
70.24; 212.93868; 8090.0400854154
71.26; 213.66927; 8307.5461789435
72.27; 214.71302; 8526.1147663291
73.29; 216.05815; 8746.052638168
74.31; 217.68072; 8967.6422183808
75.33; 219.5538; 9191.1385091223
76.35; 221.6363; 9416.7546975179
77.36; 223.84819; 9644.6224938682
78.38; 226.04656; 9874.7281327544
79.40; 228.01956; 10106.842200523
80.42; 229.51012; 10340.473598135
81.44; 230.27013; 10574.878653215
82.45; 230.13211; 10809.143209023
83.47; 229.07486; 11042.331536204
84.49; 227.25698; 11273.669339829
85.51; 224.99996; 11502.709591475
86.53; 222.71937; 11729.428295922
87.54; 220.82218; 11954.21574734
88.56; 219.60349; 12177.762618946
89.58; 219.17936; 12400.87774762
90.60; 219.48228; 12624.301237444
91.62; 220.32331; 12848.580858815
92.63; 221.49964; 13074.057932748
93.65; 222.90678; 13300.967416015
94.67; 224.60989; 13529.610589049
95.69; 226.8415; 13760.525444493
96.71; 229.91938; 13994.573453478
97.72; 234.10869; 14232.886002294
98.74; 239.47557; 14476.661803509
99.76; 245.7858; 14726.861146773
100.78; 252.48917; 14983.884225652
101.80; 258.80235; 15247.333846901
102.81; 263.87067; 15515.942805495
103.83; 266.96357; 15787.700199273
104.85; 267.64857; 16060.154891563
105.87; 265.89707; 16330.826634051
106.89; 262.09701; 16597.63008167
107.90; 256.97459; 16859.219126354
108.92; 251.4497; 17115.184074914
109.94; 246.46145; 17366.071198913
110.96; 242.79983; 17613.230946906
111.98; 240.97113; 17858.529154529
112.99; 241.11355; 18103.972346579
114.01; 242.97067; 18351.306002175
115.03; 245.92524; 18601.647280754
116.05; 249.09276; 18855.212957428
117.07; 251.46865; 19111.197196029
118.08; 252.11339; 19367.837745384
119.10; 250.34646; 19622.679640649
120.12; 245.90861; 19873.00399243
121.14; 239.04793; 20116.344469692
122.15; 230.49627; 20350.97972476
123.17; 221.32697; 20576.281031098
124.19; 212.71894; 20792.819729676
125.21; 205.68343; 21002.196587122
126.23; 200.8276; 21206.630416996
127.24; 198.22343; 21408.413313241
128.26; 197.42245; 21609.380845053
129.28; 197.61266; 21810.542001926
130.30; 197.86955; 22011.964668437
131.32; 197.42321; 22212.932978562
132.33; 195.8592; 22412.309193565
133.35; 193.19446; 22608.972822028
134.37; 189.81212; 22802.193369619
135.39; 186.28626; 22991.824744749
136.41; 183.16267; 23178.276435156
137.42; 180.77199; 23362.294524255
138.44; 179.13575; 23544.646989124
139.46; 177.98911; 23725.832220033
140.48; 176.90237; 23905.911200401
141.50; 175.45009; 24084.51182152
142.51; 173.36432; 24260.989213874
143.53; 170.6196; 24434.672608079
144.55; 167.42603; 24605.10508352
145.57; 164.1411; 24772.193642233
146.59; 161.13899; 24936.226176316
147.60; 158.68675; 25097.762436779
148.62; 156.86957; 25257.448888247
149.64; 155.58519; 25415.827894606
150.66; 154.60107; 25573.205114026
151.68; 153.64661; 25729.610729166
152.69; 152.50367; 25884.852884806
153.71; 151.06439; 26038.629918154
154.73; 149.34078; 26190.652386121
155.75; 147.43027; 26340.730040552
156.77; 145.4567; 26488.798683505
157.78; 143.5123; 26634.888007584
158.80; 141.62264; 26779.053742751
159.82; 139.74502; 26921.308144232
160.84; 137.79712; 27061.579661532
161.86; 135.70196; 27199.71840301
162.87; 133.43073; 27335.545132741
163.89; 131.02718; 27468.925144564
164.91; 128.6053; 27599.839788879
165.93; 126.32158; 27728.429710969
166.94; 124.33128; 27854.993588071
167.96; 122.74282; 27979.940485109
168.98; 121.58441; 28103.708168919
170.00; 120.7925; 28226.669723791
171.02; 120.22551; 28349.054105116
172.03; 119.69883; 28470.902351301
173.05; 119.03161; 28592.071391381
174.07; 118.09249; 28712.284447534
175.09; 116.83197; 28831.21435551
176.11; 115.29244; 28948.577082728
177.12; 113.593; 29064.209852459
178.14; 111.89348; 29178.112583506
179.16; 110.34778; 29290.441856968
180.18; 109.06021; 29401.460444501
181.20; 108.05765; 29511.458470209
182.21; 107.28544; 29620.670417239
183.23; 106.6276; 29729.212707885
184.25; 105.94409; 29837.059221174
185.27; 105.11261; 29944.059326149
186.29; 104.0613; 30049.989234096
187.30; 102.78265; 30154.617539464
188.32; 101.3261; 30257.76313841
189.34; 99.774175; 30359.328942715
190.36; 98.213034; 30459.305573454
191.38; 96.708911; 30557.751071209
192.39; 95.298542; 30654.760874743
193.41; 93.995103; 30750.443833834
194.43; 92.804352; 30844.914659211
195.45; 91.74164; 30938.303689714
196.47; 90.840651; 31030.775552867
197.48; 90.148985; 31122.543329719
198.50; 89.71202; 31213.866295298
199.52; 89.55203; 31305.026397337
200.54; 89.651851; 31396.288113323
201.56; 89.95065; 31487.853993345
202.57; 90.35431; 31579.83078149
203.59; 90.757075; 31672.217567604
204.61; 91.066815; 31764.919655262
205.63; 91.225429; 31857.783205939
206.65; 91.218619; 31950.639823543
207.66; 91.073946; 32043.349170527
208.68; 90.850637; 32135.831199116
209.70; 90.626747; 32228.085316416
210.72; 90.488447; 32320.198651054
211.74; 90.523056; 32412.347216034
212.75; 90.813842; 32504.791788741
213.77; 91.432857; 32597.866491715
214.79; 92.429057; 32691.955283712
215.81; 93.812548; 32787.452409312
216.82; 95.540025; 32884.708031837
217.84; 97.509096; 32983.968084142
218.86; 99.568245; 33085.324260594
219.88; 101.54451; 33188.692189569
220.90; 103.28403; 33293.830871942
221.91; 104.69416; 33400.405006996
222.93; 105.77303; 33508.077388507
223.95; 106.6146; 33616.606455342
224.97; 107.3846; 33725.919345903
225.99; 108.27249; 33836.136063512
227.00; 109.43345; 33947.534595458
228.02; 110.93883; 34060.465541586
229.04; 112.75137; 34175.241565817
230.06; 114.73396; 34292.035787145
231.08; 116.68961; 34410.820773417
232.09; 118.41955; 34531.366763578
233.11; 119.78091; 34653.298560728
234.13; 120.7254; 34776.191805101
235.15; 121.30731; 34899.677411194
236.17; 121.65965; 35023.521685125
237.18; 121.94758; 35147.65905648
238.20; 122.31533; 35272.170786955
239.22; 122.84385; 35397.220521189
240.24; 123.53138; 35522.970135748
241.26; 124.30092; 35649.503107566
242.27; 125.02877; 35776.777002593
243.29; 125.5824; 35904.61447175
244.31; 125.85386; 36032.728265557
245.33; 125.77853; 36160.765382986
246.35; 125.33598; 36288.352007017
247.36; 124.53664; 36415.124937194
248.38; 123.4036; 36540.744478123
249.40; 121.95949; 36664.89397547
250.42; 120.22519; 36787.27802645
251.44; 118.2309; 36907.631983523
252.45; 116.0339; 37025.749482141
253.47; 113.73302; 37141.52478897
254.49; 111.47048; 37254.996928867
255.51; 109.41537; 37366.377054912
256.53; 107.73053; 37476.042084295
257.54; 106.53128; 37584.486326253
258.56; 105.849; 37692.236041827
259.58; 105.61262; 37799.745131178
260.60; 105.65633; 37907.298717752
261.61; 105.75427; 38014.951997373
262.63; 105.67411; 38122.523680809
263.65; 105.23554; 38229.648922172
264.67; 104.35735; 38335.880201035
265.69; 103.08011; 38440.811301315
266.70; 101.5584; 38544.193367838
267.72; 100.02523; 38646.014737087
268.74; 98.738933; 38746.526710144
269.76; 97.927023; 38846.212193339
270.78; 97.741296; 38945.708615242
271.79; 98.234045; 39045.706634145
272.81; 99.358707; 39146.849510271
273.83; 100.99157; 39249.654573582
274.85; 102.96642; 39354.469948759
275.87; 105.11224; 39461.469673192
276.88; 107.28535; 39570.68153363
277.90; 109.39043; 39682.036270143
278.92; 111.38828; 39795.424732064
279.94; 113.29133; 39910.750417972
280.96; 115.14925; 40027.967388034
281.97; 117.02798; 40147.096817452
282.99; 118.98567; 40268.219089977
284.01; 121.04968; 40391.442440082
285.03; 123.19917; 40516.853874954
286.05; 125.3581; 40644.463011586
287.06; 127.40254; 40774.153297574
288.08; 129.18305; 40905.656064581
289.10; 130.55898; 41038.559467934
290.12; 131.43662; 41172.356276783
291.14; 131.80021; 41306.523203594
292.15; 131.72466; 41440.613221031
293.17; 131.36302; 41574.335105266
294.19; 130.90874; 41707.594552906
295.21; 130.54111; 41840.479769122
296.23; 130.36883; 41973.189611598
297.24; 130.3888; 42105.919786678
298.26; 130.47392; 42238.736608096
299.28; 130.3955; 42371.473599073
300.30; 129.87573; 42503.681488419
301.32; 128.65641; 42634.648160876
302.33; 126.56535; 42763.486224102
303.35; 123.56294; 42889.267969614
304.37; 119.75758; 43011.176014813
305.39; 115.3878; 43128.63581975
306.41; 110.77827; 43241.403317061
307.42; 106.28212; 43349.593932088
308.44; 102.22412; 43453.653673014
309.46; 98.85562; 43554.284428194
310.48; 96.32743; 43652.341595315
311.49; 94.680766; 43748.722529321
312.51; 93.852988; 43844.260821602
313.53; 93.693449; 43939.636709965
314.55; 93.985707; 44035.31010435
315.57; 94.474066; 44131.480626632
316.58; 94.893506; 44228.078120753
317.60; 95.001832; 44324.785885917
318.62; 94.611322; 44421.096128627
319.64; 93.615291; 44516.392455279
320.66; 92.003967; 44610.048523152
321.67; 89.864867; 44701.527079962
322.69; 87.365709; 44790.461601898
323.71; 84.722021; 44876.704963185
324.73; 82.155868; 44960.336091843
325.75; 79.854924; 45041.624958229
326.76; 77.941428; 45120.965968889
327.78; 76.458121; 45198.797036853
328.80; 75.373512; 45275.524020047
329.82; 74.603354; 45351.467014974
330.84; 74.040562; 45426.837112455
331.85; 73.583798; 45501.742243128
332.87; 73.156223; 45576.212121349
333.89; 72.710444; 45650.228215929
334.91; 72.221703; 45723.746793424
335.93; 71.676782; 45796.71066481
336.94; 71.068308; 45869.055135535
337.96; 70.401795; 45940.721124518
338.98; 69.71609; 46011.689095944
340.00; 69.109255; 46082.039335208
341.02; 68.75509; 46152.029049412
342.03; 68.894366; 46222.160541139
343.05; 69.791426; 46293.205201378
344.07; 71.660179; 46366.152171694
345.09; 74.579224; 46442.070603535
346.11; 78.427208; 46521.906116567
347.12; 82.870334; 46606.264540635
348.14; 87.421097; 46695.255445378
349.16; 91.563183; 46788.462814938
350.18; 94.909854; 46885.076950612
351.20; 97.342958; 46984.167881308
352.21; 99.07699; 47085.023981461
353.23; 100.61181; 47187.44245968
354.25; 102.57486; 47291.859240519
355.27; 105.49695; 47399.250581574
356.28; 109.59819; 47510.816812368
357.30; 114.6682; 47627.544091837
358.32; 120.09981; 47749.800511678
359.34; 125.08441; 47877.131044495
360.36; 128.91554; 48008.361505996
361.37; 131.29854; 48142.017749574
362.39; 132.54851; 48276.946416211
363.41; 133.58618; 48412.931380803
364.43; 135.70515; 48551.073364218
365.45; 140.16559; 48693.755889415
366.46; 147.73771; 48844.146498775
367.48; 158.34865; 49005.338590755
368.50; 170.96418; 49179.372753627
369.52; 183.76547; 49366.438072504
370.54; 194.58527; 49564.517478186
371.55; 201.4789; 49769.61430717
372.57; 203.25553; 49976.519670008
373.59; 199.80336; 50179.910865934
374.61; 192.10679; 50375.467290847
375.63; 181.95283; 50560.687419376
376.64; 171.42346; 50735.189105215
377.66; 162.33708; 50900.441249646
378.68; 155.81172; 51059.050861689
379.70; 152.07492; 51213.856572847
380.72; 150.55736; 51367.117472845
381.73; 150.21209; 51520.026898127
382.75; 149.93162; 51672.650815796
383.77; 148.91441; 51824.239263354
384.79; 146.86444; 51973.740922445
385.81; 143.97779; 52120.304100782
386.82; 140.75104; 52263.582583186
387.84; 137.70663; 52403.761985848
388.86; 135.1514; 52541.340274385
389.88; 133.05971; 52676.789314846
390.90; 131.11604; 52810.259788317
391.91; 128.88657; 52941.460754916
392.93; 126.04056; 53069.764610942
393.95; 122.52786; 53194.492683013
394.97; 118.64089; 53315.26399314
395.99; 114.9383; 53432.266221471
397.00; 112.06099; 53546.339475448
398.02; 110.51091; 53658.834811879
399.04; 110.47289; 53771.291442581
400.06; 111.74044; 53885.038392387
401.07; 113.76603; 54000.847306302
402.09; 115.8123; 54118.739229056
403.11; 117.1494; 54237.99226042
404.13; 117.23447; 54357.331889923
405.15; 115.82314; 54475.234847661
406.16; 112.99172; 54590.255540558
407.18; 109.0797; 54701.293970379
408.20; 104.58426; 54807.756232695
409.22; 100.04512; 54909.597850129
410.24; 95.950823; 55007.2716475
411.25; 92.681322; 55101.617234279
412.27; 90.486147; 55193.728226984
413.29; 89.487162; 55284.822296137
414.31; 89.693411; 55376.126318487
415.33; 91.019879; 55468.780627127
416.34; 93.308228; 55563.764376996
417.36; 96.351456; 55661.846001511
418.38; 99.924122; 55763.564445956
419.40; 103.81657; 55869.245230763
420.42; 107.86799; 55979.050191409
421.43; 111.99218; 56093.05339587
422.45; 116.19166; 56211.331496259
423.47; 120.56001; 56334.056388103
424.49; 125.27461; 56461.580535236
425.51; 130.58213; 56594.507506637
426.52; 136.77545; 56733.739010851
427.54; 144.15679; 56880.484404125
428.56; 152.9811; 57036.212563432
429.58; 163.37901; 57202.52534801
430.60; 175.26998; 57380.942627201
431.61; 188.28923; 57572.612938439
432.63; 201.76048; 57777.996396111
433.65; 214.74361; 57996.596125554
434.67; 226.16962; 58226.827037916
435.69; 235.04735; 58466.095097573
436.70; 240.69693; 58711.114187879
437.72; 242.94424; 58958.420943296
438.74; 242.2101; 59204.980373789
439.76; 239.45048; 59448.73062575
440.78; 235.94546; 59688.912920768
441.79; 232.98249; 59926.079046712
442.81; 231.51734; 60161.753706424
443.83; 231.91005; 60397.828129892
444.85; 233.81672; 60635.843458022
445.87; 236.27401; 60876.3601998
446.88; 237.95664; 61118.589792082
447.90; 237.53573; 61360.390916632
448.92; 234.03564; 61598.629097211
449.94; 227.08862; 61829.795509656
450.95; 217.01882; 62050.711308459
451.97; 204.7395; 62259.127288293
452.99; 191.502; 62454.068063284
454.01; 178.57557; 62635.85028476
455.03; 166.95086; 62805.799059193
456.04; 157.14565; 62965.766551508
457.06; 149.15475; 63117.59965437
458.08; 142.54157; 63262.700818336
459.10; 136.62939; 63401.783638693
460.12; 130.72859; 63534.859703392
461.13; 124.33469; 63661.427055641
462.15; 117.24962; 63780.782108859
463.17; 109.60627; 63892.356562466
464.19; 101.80482; 63995.989471986
465.21; 94.390104; 64092.074525038
466.22; 87.90875; 64181.561839319
467.24; 82.782088; 64265.830432224
468.26; 79.220618; 64346.473602791
469.28; 77.191657; 64425.051379011
470.30; 76.438846; 64502.862825686
471.31; 76.542642; 64580.779931915
472.33; 77.005608; 64659.168318386
473.35; 77.344719; 64737.901904652
474.37; 77.174049; 64816.461756576
475.39; 76.26437; 64894.095594436
476.40; 74.570772; 64970.00542259
477.42; 72.225255; 65043.527615758
478.44; 69.497536; 65114.273108201
479.46; 66.73314; 65182.204564849
480.48; 64.281893; 65247.640758005
481.49; 62.431135; 65311.192959114
482.51; 61.356051; 65373.650771351
483.53; 61.095021; 65435.842866611
484.55; 61.552148; 65498.500297603
485.57; 62.523742; 65562.146768945
486.58; 63.741661; 65627.033028855
487.60; 64.92455; 65693.123418801
488.62; 65.827887; 65760.133367209
489.64; 66.284751; 65827.608383047
490.66; 66.230848; 65895.028528432
491.67; 65.70949; 65961.917954119
492.69; 64.855088; 66027.937634902
493.71; 63.85758; 66092.941895638
494.73; 62.914635; 66156.986279393
495.74; 62.182403; 66220.285281854
496.76; 61.737465; 66283.131356739
497.78; 61.561059; 66345.79785854
498.80; 61.551177; 66408.454300765
499.82; 61.559965; 66471.119688468
500.83; 61.445476; 66533.668531492
501.85; 61.121341; 66595.887418999
502.87; 60.587774; 66657.563158661
503.89; 59.933109; 66718.572477545
504.91; 59.305015; 66778.942424056
505.92; 58.861203; 66838.860588249
506.94; 58.716713; 66898.63166816
507.96; 58.90599; 66958.595423779
508.98; 59.372286; 67019.033848731
510.00; 59.986811; 67080.09783369
511.01; 60.589311; 67141.775137694
512.03; 61.034689; 67203.9058173
513.05; 61.229455; 67266.234760334
514.07; 61.147238; 67328.480009638
515.09; 60.821728; 67390.393904294
516.10; 60.324263; 67451.801401357
517.12; 59.738102; 67512.612211734
518.14; 59.140524; 67572.814713205
519.16; 58.598013; 67632.464961422
520.18; 58.171994; 67691.681540893
521.19; 57.926662; 67750.648382871
522.21; 57.929232; 67809.617841641
523.23; 58.237131; 67868.900728426
524.25; 58.874267; 67928.83219207
525.27; 59.806063; 67989.712183346
526.28; 60.926597; 68051.732829602
527.30; 62.068849; 68114.916239421
528.32; 63.041054; 68179.089312371
529.34; 63.681453; 68243.914283608
530.36; 63.914655; 68308.976644426
531.37; 63.789383; 68373.911483203
532.39; 63.481536; 68438.532947864
533.41; 63.257377; 68502.926228329
534.43; 63.405443; 68567.470232874
535.45; 64.157535; 68632.77983541
536.46; 65.624151; 68699.582389704
537.48; 67.765791; 68768.56504122
538.50; 70.409818; 68840.239197687
539.52; 73.306945; 68914.862504608
540.54; 76.207799; 68992.438755798
541.55; 78.933359; 69072.789508845
542.57; 81.416045; 69155.667529123
543.59; 83.699702; 69240.870213488
544.61; 85.902303; 69328.315051081
545.62; 88.158942; 69418.057049553
546.64; 90.569215; 69510.252601777
547.66; 93.170089; 69605.095731987
548.68; 95.94414; 69702.762726644
549.70; 98.858356; 69803.396267452
550.71; 101.9165; 69907.142870917
551.73; 105.20311; 70014.235097681
552.75; 108.90105; 70125.091672089
553.77; 113.27551; 70240.401249032
554.79; 118.62968; 70361.161141493
555.80; 125.24746; 70488.657651403
556.82; 133.34107; 70624.393104733
557.84; 143.0182; 70769.979460938
558.86; 154.27557; 70927.025331174
559.88; 167.01774; 71097.042179167
560.89; 181.09504; 71281.389114969
561.91; 196.35235; 71481.267331957
562.93; 212.68015; 71697.766550716
563.95; 230.05854; 71931.956214399
564.97; 248.58222; 72185.002190008
565.98; 268.45299; 72458.275746322
567.00; 289.92787; 72753.409810118
568.02; 313.22129; 73072.255563843
569.04; 338.37619; 73416.707920848
570.06; 365.13898; 73788.403647095
571.07; 392.8852; 74188.343831811
572.09; 420.6392; 74616.536384044
573.11; 447.20642; 75071.77322336
574.13; 471.39681; 75551.634837936
575.15; 492.27596; 76052.750519196
576.16; 509.35689; 76571.25385211
577.18; 522.65449; 77103.293572824
578.20; 532.56972; 77645.42657138
579.22; 539.63922; 78194.756006773
580.24; 544.25037; 78748.779397596
581.25; 546.4527; 79305.04466482
582.27; 545.97302; 79860.821637519
583.29; 542.46644; 80413.02906892
584.31; 535.93263; 80958.585363673
585.33; 527.13907; 81495.19018785
586.34; 517.8619; 82022.351253744
587.36; 510.80198; 82542.325626617
588.38; 509.14928; 83060.617624643
589.40; 515.9115; 83585.793266371
590.41; 533.23375; 84128.602212576
591.43; 561.96444; 84700.65776381
592.45; 601.64636; 85313.10779419
593.47; 650.95393; 85975.750807291
594.49; 708.41655; 86696.888288601
595.50; 773.13841; 87483.909826221
596.52; 845.20661; 88344.293683953
597.54; 925.58786; 89286.502186288
598.56; 1015.5137; 90320.251328479
599.58; 1115.5685; 91455.851961609
600.59; 1224.8344; 92702.680526244
601.61; 1340.4508; 94067.201612224
602.63; 1457.8048; 95551.183969273
603.65; 1571.3287; 97150.728756761
604.67; 1675.6425; 98856.460543663
605.68; 1766.6304; 100654.8140547
606.70; 1842.0518; 102529.9433191
607.72; 1901.4591; 104465.54660193
608.74; 1945.4576; 106445.93847619
609.76; 1974.6069; 108456.00311508
610.77; 1988.4107; 110480.11938033
611.79; 1984.8245; 112500.58502833
612.81; 1960.5254; 114496.31528647
613.83; 1911.904; 116442.55103727
614.85; 1836.4646; 118311.99275836
615.86; 1734.1584; 120077.29113433
616.88; 1608.1783; 121714.34728409
617.90; 1464.9207; 123205.57331439
618.92; 1313.0873; 124542.23957152
619.94; 1162.1814; 125725.29006271
620.95; 1020.8265; 126764.44734722
621.97; 895.37538; 127675.9008451
622.99; 789.15417; 128479.2257352
624.01; 702.47326; 129194.31320473
625.03; 633.30243; 129838.9877537
626.04; 578.33071; 130427.70345818
627.06; 534.06443; 130971.35800123
628.08; 497.66274; 131477.95720025
629.10; 467.3387; 131953.68783523
630.12; 442.31222; 132403.94259079
631.13; 422.43478; 132833.96296458
632.15; 407.67875; 133248.96233811
633.17; 397.68638; 133653.78991443
634.19; 391.51826; 134052.33860938
635.21; 387.65652; 134446.95621668
636.22; 384.23391; 134838.08975488
637.24; 379.3989; 135224.30146001
638.26; 371.70021; 135602.67623141
639.28; 360.38157; 135969.52911699
640.29; 345.51088; 136321.24428001
641.31; 327.91612; 136655.04873755
642.33; 308.951; 136969.54752453
643.35; 290.15524; 137264.9130406
644.37; 272.89886; 137542.71230047
645.38; 258.10112; 137805.44810734
646.40; 246.09245; 138055.95960408
647.42; 236.64641; 138296.85543845
648.44; 229.16079; 138530.13123062
649.46; 222.92454; 138757.05879492
650.47; 217.38517; 138978.34751955
651.49; 212.33542; 139194.49581567
652.51; 207.96836; 139406.19862806
653.53; 204.79532; 139614.67142475
654.55; 203.46679; 139821.79183771
655.56; 204.56627; 140030.03147548
656.58; 208.4521; 140242.22671859
657.60; 215.20129; 140461.29234457
658.62; 224.6715; 140689.99823449
659.64; 236.65658; 140930.90442116
660.65; 251.08223; 141186.49530149
661.67; 268.18025; 141459.49122121
662.69; 288.59335; 141753.26680195
663.71; 313.39028; 142072.28458237
664.73; 343.99974; 142422.46146992
665.74; 382.09105; 142811.41366711
666.76; 429.43098; 143248.5558735
667.78; 487.73271; 143745.04672329
668.80; 558.49201; 144313.56749122
669.82; 642.79066; 144967.90064328
670.83; 741.04787; 145722.25539783
671.85; 852.7223; 146590.28990516
672.87; 976.00358; 147583.81943144
673.89; 1107.5706; 148711.27855292
674.91; 1242.5161; 149976.10631672
675.92; 1374.5265; 151375.31493963
676.94; 1496.3628; 152898.54772144
677.96; 1600.6117; 154527.90134114
678.98; 1680.5938; 156238.6733043
680.00; 1731.2552; 158001.0163618
681.01; 1749.8445; 159782.28257186
682.03; 1736.2178; 161549.67738211
683.05; 1692.6971; 163272.7699555
684.07; 1623.5238; 164925.4471264
685.08; 1534.0527; 166487.04661677
686.10; 1429.8944; 167942.61744776
687.12; 1316.2147; 169282.46724768
688.14; 1197.3352; 170501.30283537
689.16; 1076.6734; 171597.30991343
690.17; 956.95121; 172571.44494956
691.19; 840.52273; 173427.0608214
692.21; 729.65356; 174169.81666352
693.23; 626.6253; 174807.69417534
694.25; 533.62411; 175350.90048978
695.26; 452.46478; 175811.49011103
696.28; 384.26775; 176202.65809891
697.30; 329.22299; 176537.79289165
698.32; 286.53841; 176829.47662467
699.34; 254.59984; 177088.64827417
700.35; 231.29386; 177324.09544714
701.37; 214.39357; 177542.33884499
702.39; 201.8971; 177747.86138033
703.41; 192.23941; 177943.55280509
704.43; 184.35152; 178131.21470063
705.44; 177.59566; 178311.99942081
706.46; 171.63707; 178486.7185563
707.48; 166.31584; 178656.02090409
708.50; 161.55904; 178820.48103658
709.52; 157.34059; 178980.64696521
710.53; 153.66971; 179137.0760997
711.55; 150.58092; 179290.36097769
712.57; 148.10837; 179441.12890761
713.59; 146.24743; 179590.00247574
714.61; 144.9226; 179737.52742577
715.62; 143.98435; 179884.0972782
716.64; 143.2453; 180029.91481306
717.66; 142.54606; 180175.02054682
718.68; 141.82325; 180319.39049482
719.70; 141.14778; 180463.07284304
720.71; 140.71243; 180606.31202374
721.73; 140.77048; 180749.61029322
722.75; 141.54931; 180893.70138709
723.77; 143.17464; 181039.44699033
724.79; 145.63541; 181187.69754928
725.80; 148.80035; 181339.16988514
726.82; 152.47261; 181494.38042662
727.84; 156.45227; 181653.64208325
728.86; 160.57523; 181817.10074291
729.88; 164.71215; 181984.77060366
730.89; 168.73433; 182156.53486865
731.91; 172.47431; 182332.10627117
732.93; 175.7145; 182510.9760449
733.95; 178.22532; 182692.40173154
734.96; 179.84867; 182875.47991612
735.98; 180.595; 183059.31783072
737.00; 180.7069; 183243.26966118
738.02; 180.64681; 183427.16031658
739.04; 180.99215; 183611.40251243
740.05; 182.2588; 183796.93410339
741.07; 184.70748; 183984.95834935
742.09; 188.20414; 184176.54204389
743.11; 192.19536; 184372.18862754
744.13; 195.8256; 184571.53064085
745.14; 198.17528; 184773.2645206
746.16; 198.55411; 184975.38403194
747.18; 196.75889; 185175.67608672
748.20; 193.20829; 185372.35379305
749.22; 188.90008; 185564.645923
750.23; 185.18819; 185753.15950616
751.25; 183.43321; 185939.88659852
752.27; 184.62157; 186127.82339058
753.29; 189.06365; 186320.28202813
754.31; 196.26339; 186520.06969248
755.32; 205.00589; 186728.75684708
756.34; 213.64803; 186946.24132088
757.36; 220.5378; 187170.73928555
758.38; 224.44865; 187399.21832383
759.40; 224.90741; 187628.1643622
760.41; 222.32261; 187854.47918783
761.43; 217.8755; 188076.2670497
762.45; 213.20398; 188293.29949903
763.47; 209.96866; 188507.03853113
764.49; 209.423; 188720.22210987
765.50; 212.10504; 188936.13588927
766.52; 217.72905; 189157.77466247
767.54; 225.29412; 189387.114357
768.56; 233.36362; 189624.66845372
769.58; 240.42475; 189869.41047803
770.59; 245.22525; 190119.03920435
771.61; 247.00492; 190370.47955836
772.63; 245.58399; 190620.47346374
773.65; 241.3195; 190866.12630531
774.67; 234.97706; 191105.32281625
775.68; 227.5765; 191336.9858754
776.70; 220.25633; 191561.19731311
777.72; 214.17289; 191779.21607053
778.74; 210.42203; 191993.41661238
779.75; 209.95752; 192207.14431166
780.77; 213.48784; 192424.46571576
781.79; 221.35612; 192649.79669156
782.81; 233.43546; 192887.42392027
783.83; 249.08654; 193140.98326777
784.84; 267.21842; 193413.00008618
785.86; 286.46504; 193704.60913341
786.88; 305.4494; 194015.54344181
787.90; 323.07183; 194344.41662359
788.92; 338.74261; 194689.24197969
789.93; 352.49096; 195048.06256588
790.95; 364.91856; 195419.53391637
791.97; 377.0131; 195803.31698808
792.99; 389.87894; 196200.19691995
794.01; 404.46267; 196611.92246128
795.02; 421.34592; 197040.83442783
796.04; 440.6498; 197489.39690968
797.06; 462.05832; 197959.75234339
798.08; 484.93549; 198453.39574441
799.10; 508.49289; 198971.01955926
800.11; 531.96433; 199512.53629084
801.13; 554.75539; 200077.25333785
802.15; 576.5496; 200664.15594708
803.17; 597.36167; 201272.24435095
804.19; 617.52909; 201900.86231695
805.20; 637.63101; 202549.94317325
806.22; 658.32627; 203220.09091042
807.24; 680.11648; 203912.42014145
808.26; 703.067; 204628.11200706
809.28; 726.54948; 205367.70802726
810.29; 749.09123; 206130.25057727
811.31; 768.41365; 206912.46251061
812.33; 781.7074; 207708.20691159
813.35; 786.12933; 208508.45264813
814.37; 779.43215; 209301.880946
815.38; 760.57787; 210076.11639406
816.40; 730.16308; 210819.39089941
817.42; 690.5133; 211522.30364424
818.44; 645.38119; 212179.27384996
819.46; 599.29024; 212789.32545051
820.47; 556.66898; 213355.99044924
821.49; 520.98794; 213886.33368595
822.51; 494.11871; 214389.32520754
823.53; 476.07779; 214873.9518581
824.55; 465.21227; 215347.51787644
825.56; 458.76269; 215814.51850148
826.58; 453.6377; 216276.30210742
827.60; 447.18524; 216731.51738712
828.62; 437.76027; 217177.13844851
829.63; 424.96125; 217609.73066399
830.65; 409.51206; 218026.59626736
831.67; 392.86799; 218426.51892403
832.69; 376.6938; 218809.97696006
833.71; 362.37906; 219178.8632063
834.72; 350.72181; 219535.88287826
835.74; 341.84243; 219883.86372065
836.76; 335.31072; 220225.19556928
837.78; 330.40821; 220561.53686594
838.80; 326.42003; 220893.81837305
839.81; 322.86185; 221222.47780736
840.83; 319.58536; 221547.80191109
841.85; 316.75532; 221870.24515604
842.87; 314.73204; 222190.62878655
843.89; 313.91411; 222510.17980822
844.90; 314.59474; 222830.42367437
845.92; 316.86635; 223152.97994136
846.94; 320.58469; 223479.32132208
847.96; 325.38404; 223810.54823198
848.98; 330.72671; 224147.2137557
849.99; 335.97138; 224489.2181264
851.01; 340.45071; 224835.78225865
852.03; 343.55378; 225185.50518594
853.05; 344.80824; 225536.50509087
854.07; 343.95175; 225886.63312716
855.08; 340.9769; 226233.73289967
856.10; 336.13253; 226575.901308
857.12; 329.87216; 226911.69692834
858.14; 322.75516; 227240.24775094
859.16; 315.32316; 227561.23311892
860.17; 307.98623; 227874.74980625
861.19; 300.95378; 228181.10776589
862.21; 294.2325; 228480.62375282
863.23; 287.69137; 228773.48115229
864.25; 281.17037; 229059.70046046
865.26; 274.59351; 229339.22480335
866.28; 268.04496; 229612.08300131
867.30; 261.78059; 229878.56434883
868.32; 256.17045; 230139.33480786
869.34; 251.59238; 230395.44499439
870.35; 248.31414; 230648.21807477
871.37; 246.40367; 230899.04637604
872.39; 245.69637; 231149.15467592
873.41; 245.82748; 231399.3964414
874.42; 246.31621; 231650.13571648
875.44; 246.67372; 231901.23891574
876.46; 246.50367; 232152.16900966
877.48; 245.57193; 232402.15063905
878.50; 243.83585; 232650.36501
879.51; 241.43735; 232896.13781137
880.53; 238.6725; 233139.09611681
881.55; 235.95027; 233379.28330798
882.57; 233.74757; 233617.22824569
883.59; 232.5602; 233853.96449632
884.60; 232.84496; 234090.99062151
885.62; 234.94999; 234330.15957447
886.64; 239.03801; 234573.48995607
887.66; 245.01688; 234822.90656564
888.68; 252.49889; 235079.93953828
889.69; 260.81037; 235345.43324446
890.71; 269.06442; 235619.32921507
891.73; 276.29404; 235900.5846207
892.75; 281.62517; 236187.2668905
893.77; 284.45451; 236476.82930215
894.78; 284.59046; 236766.5301075
895.80; 282.32005; 237053.91974067
896.82; 278.37854; 237337.29707719
897.84; 273.81955; 237616.03356026
898.86; 269.80702; 237890.68546358
899.87; 267.36998; 238162.85656677
900.89; 267.17415; 238434.8283223
901.91; 269.36566; 238709.03093656
902.93; 273.53098; 238987.47367303
903.95; 278.7938; 239271.27373355
904.96; 284.03732; 239560.41146559
905.98; 288.20652; 239853.79326259
907.00; 290.61751; 240149.62934693
908.02; 291.18989; 240446.0480903
909.04; 290.52974; 240741.79483004
910.05; 289.8261; 241036.82529197
911.07; 290.57555; 241332.61866583
912.09; 294.20401; 241632.10564967
913.11; 301.6938; 241939.21692045
914.13; 313.33295; 242258.17634081
915.14; 328.67423; 242592.75252618
916.16; 346.73076; 242945.70947784
917.18; 366.35894; 243318.64706554
918.20; 386.71437; 243712.30560923
919.22; 407.6344; 244127.25984146
920.23; 429.81578; 244564.79376279
921.25; 454.71528; 245027.67429682
922.27; 484.18568; 245520.55442251
923.29; 519.94226; 246049.83321097
924.30; 563.0073; 246622.95034565
925.32; 613.28532; 247247.24833809
926.34; 669.38038; 247928.64868165
927.36; 728.69351; 248670.42722893
928.38; 787.7615; 249472.33443955
929.39; 842.74182; 250330.20924391
930.41; 889.92866; 251236.11821423
931.43; 926.20193; 252178.95181098
932.45; 949.35109; 253145.3502506
933.47; 958.25871; 254120.81627012
934.48; 952.95815; 255090.88654529
935.50; 934.5875; 256042.25629187
936.52; 905.25428; 256963.76608188
937.54; 867.81338; 257847.16265547
938.56; 825.55945; 258687.54654973
939.57; 781.84906; 259483.43515929
940.59; 739.69474; 260236.41248946
941.61; 701.39792; 260950.4053097
942.63; 668.29747; 261630.70329719
943.65; 640.69402; 262282.90216709
944.66; 617.97043; 262911.96940143
945.68; 598.87716; 263521.60050488
946.70; 581.90728; 264113.95700074
947.72; 565.66495; 264689.77950665
948.74; 549.14098; 265248.78132351
949.75; 531.8446; 265790.17617886
950.77; 513.78741; 266313.18959109
951.79; 495.35603; 266817.44065866
952.81; 477.13226; 267303.14070619
953.83; 459.71832; 267771.11411555
954.84; 443.60757; 268222.687479
955.86; 429.11655; 268659.50960687
956.88; 416.37468; 269083.36105909
957.90; 405.35723; 269495.99722384
958.92; 395.94489; 269899.05203938
959.93; 387.99474; 270294.01394697
960.95; 381.40802; 270682.27084837
961.97; 376.17936; 271065.20520193
962.99; 372.41297; 271444.30553476
964.01; 370.29755; 271821.2524595
965.02; 370.0457; 272197.94301508
966.04; 371.82022; 272576.4399542
967.06; 375.68095; 272958.86695104
968.08; 381.58325; 273347.30223609
969.09; 389.43891; 273743.73423681
970.11; 399.2188; 274150.12175186
971.13; 411.04776; 274568.55063333
972.15; 425.23165; 275001.41810226
973.17; 442.17601; 275451.53419607
974.18; 462.20029; 275922.03414556
975.20; 485.30654; 276416.0552664
976.22; 511.00016; 276936.2313779
977.24; 538.26166; 277484.1585188
978.26; 565.72431; 278060.04145592
979.27; 592.03468; 278662.70721484
980.29; 616.29162; 279290.06548728
981.31; 638.40862; 279939.93791125
982.33; 659.25063; 280611.02660697
983.35; 680.46306; 281303.70864219
984.36; 704.01654; 282020.36710354
985.38; 731.59668; 282765.1009558
986.40; 764.0319; 283542.85245882
987.42; 800.94839; 284358.18336106
988.44; 840.76933; 285214.05025669
989.45; 881.06205; 286110.93340837
990.47; 919.12506; 287046.56306179
991.49; 952.63566; 288016.30505456
992.51; 980.17265; 289014.07851311
993.53; 1001.4825; 290033.54443868
994.54; 1017.4461; 291069.26062998
995.56; 1029.7927; 292117.5451156
996.58; 1040.664; 293176.89614741
997.60; 1052.1485; 294247.93792787
998.62; 1065.8827; 295332.96049536
999.63; 1082.7783; 296435.18211357
1000.65; 1102.8995; 297557.88620093
1001.67; 1125.4899; 298703.58639036
1002.69; 1149.1432; 299873.36455503
1003.71; 1172.0966; 301066.50834952
1004.72; 1192.6136; 302280.53754493
1005.74; 1209.3879; 303511.64219133
1006.76; 1221.879; 304755.46232249
1007.78; 1230.4814; 306008.03927157
1008.80; 1236.4561; 307266.69818021
1009.81; 1241.6216; 308530.61538824
1010.83; 1247.8763; 309800.89965825
1011.85; 1256.6915; 311080.15737293
1012.87; 1268.733; 312371.67278871
1013.89; 1283.7299; 313678.45447543
1014.90; 1300.6193; 315002.42878328
1015.92; 1317.8918; 316343.98578787
1016.94; 1333.992; 317701.9321056
1017.96; 1347.6107; 319073.74166363
1018.97; 1357.7678; 320455.89066645
1019.99; 1363.6848; 321844.0629097
1021.01; 1364.55; 323233.11595303
1022.03; 1359.3336; 324616.85891384
1023.05; 1346.7896; 325987.83257416
1024.06; 1325.6947; 327337.33256322
1025.08; 1295.2551; 328655.84632052
1026.10; 1255.5176; 329933.90902467
1027.12; 1207.5994; 331163.193149
1028.14; 1153.6082; 332337.51647478
1029.15; 1096.2451; 333453.44669478
1030.17; 1038.2175; 334510.30734327
1031.19; 981.66657; 335509.6015525
1032.21; 927.81844; 336454.08068854
1033.23; 876.97862; 337346.80707631
1034.24; 828.85315; 338190.5438147
1035.26; 783.05386; 338987.65885743
1036.28; 739.57865; 339740.51801379
1037.30; 699.07981; 340452.15109032
1038.32; 662.82932; 341126.88273455
1039.33; 632.41636; 341770.65529992
1040.35; 609.31337; 342390.91001944
1041.37; 594.48325; 342996.06831696
1042.39; 588.16134; 343594.79118421
1043.41; 589.85696; 344195.24011646
1044.42; 598.52491; 344804.51264571
1045.44; 612.80081; 345428.31742764
1046.46; 631.19658; 346070.84831343
1047.48; 652.2052; 346734.76506234
1048.50; 674.33428; 347421.20825704
1049.51; 696.13722; 348129.84590947
1050.53; 716.31308; 348859.02171017
1051.55; 733.9024; 349606.10268026
1052.57; 748.54095; 350368.08506233
1053.59; 760.6813; 351142.42580421
1054.60; 771.68276; 351927.96555438
1055.62; 783.70804; 352725.74651934
1056.64; 799.43312; 353539.53493948
1057.66; 821.6409; 354375.9299212
1058.68; 852.80024; 355244.04376224
1059.69; 894.71734; 356154.82740892
1060.71; 948.29847; 357120.15433108
1061.73; 1013.4108; 358151.76281272
1062.75; 1088.8031; 359260.11739587
1063.76; 1172.063; 360453.22696816
1064.78; 1259.6357; 361735.48172143
1065.80; 1346.9758; 363106.64497618
1066.82; 1428.9196; 364561.22346983
1067.84; 1500.3194; 366088.4839086
1068.85; 1556.8921; 367673.3329163
1069.87; 1596.1205; 369298.11469515
1070.89; 1617.9693; 370945.13766572
1071.91; 1625.172; 372599.49263609
1072.93; 1622.9261; 374251.56137362
1073.94; 1617.9917; 375898.60708409
1074.96; 1617.3597; 377545.0094986
1075.98; 1626.7976; 379201.01921862
1077.00; 1649.6313; 380880.27268396
1078.02; 1686.0766; 382596.62593448
1079.03; 1733.2933; 384361.04376398
1080.05; 1786.1579; 386179.27546856
1081.07; 1838.5761; 388050.86662551
1082.09; 1885.0345; 389969.75037699
1083.11; 1922.044; 391926.30819762
1084.12; 1949.1585; 393910.46739664
1085.14; 1969.3427; 395915.17324263
1086.16; 1988.5941; 397939.47622926
1087.18; 2014.8668; 399990.52365345
1088.20; 2056.48; 402083.93151749
1089.21; 2120.3049; 404242.31044387
1090.23; 2210.0854; 406492.08198233
1091.25; 2325.2509; 408859.08709291
1092.27; 2460.5141; 411363.7843096
1093.29; 2606.4042; 414016.9913054
1094.30; 2750.7051; 416817.09038109
1095.32; 2880.5664; 419749.38266957
1096.34; 2984.8893; 422787.8711637
1097.36; 3056.5009; 425899.25721243
1098.38; 3093.6471; 429048.45646433
1099.39; 3100.4595; 432204.59043767
1100.41; 3086.2674; 435346.27751548
1101.43; 3063.8785; 438465.17361526
1102.45; 3047.1877; 441567.07918254
1103.47; 3048.634; 444670.45707629
1104.48; 3077.0612; 447802.7725575
1105.50; 3136.4391; 450995.53225346
1106.52; 3225.6866; 454279.14205226
1107.54; 3339.5463; 457678.65610772
1108.56; 3470.1915; 461211.16129986
1109.57; 3609.061; 464885.02965703
1110.59; 3748.3972; 468700.73628165
1111.61; 3882.1145; 472652.56129249
1112.63; 4005.9116; 476730.40645814
1113.64; 4116.8628; 480921.19514723
1114.66; 4212.9479; 485209.79432697
1115.68; 4293.014; 489579.89737719
1116.70; 4357.4508; 494015.59427127
1117.72; 4409.4728; 498504.24732444
1118.73; 4456.4801; 503040.75174689
1119.75; 4510.6987; 507632.4483533
1120.77; 4588.3469; 512303.18746856
1121.79; 4706.9751; 517094.68498169
1122.81; 4881.2932; 522063.6308184
1123.82; 5118.4991; 527274.04201439
1124.84; 5414.5739; 532785.84457446
1125.86; 5752.9865; 538642.13654713
1126.88; 6106.6809; 544858.47421445
1127.90; 6443.2437; 551417.41829625
1128.91; 6732.0758; 558270.38093391
1129.93; 6951.6115; 565346.82150689
1130.95; 7094.4457; 572568.66112123
1131.97; 7168.7564; 579866.14579466
1132.99; 7195.5085; 587190.86295864
1134.00; 7202.2227; 594522.41486051
1135.02; 7215.1552; 601867.13148898
1136.04; 7252.1887; 609249.54668187
1137.06; 7318.431; 616699.39367408
1138.08; 7405.5813; 624237.95582337
1139.09; 7494.9024; 631867.4430033
1140.11; 7562.5625; 639565.80527417
1141.13; 7585.5399; 647287.55759334
1142.15; 7546.3728; 654969.43951173
1143.17; 7435.6754; 662538.63620046
1144.18; 7252.2424; 669921.1059753
1145.20; 7001.3651; 677048.19351749
1146.22; 6692.4049; 683860.77290096
1147.24; 6336.6194; 690311.17800818
1148.26; 5945.8173; 696363.76348923
1149.27; 5531.8654; 701994.96374567
1150.29; 5106.6473; 707193.31029027
1151.31; 4681.945; 711959.32823638
1152.33; 4268.8886; 716304.87261744
1153.35; 3876.9747; 720251.46553002
1154.36; 3512.9878; 723827.5355277
1155.38; 3180.3052; 727064.94895317
1156.40; 2878.9544; 729995.60034917
1157.42; 2606.4942; 732648.8989224
1158.43; 2359.4384; 735050.70543332
1159.45; 2134.7215; 737223.75979057
1160.47; 1930.6884; 739189.11727854
1161.49; 1747.3066; 740967.79999225
1162.51; 1585.6146; 742581.88723414
1163.52; 1446.7189; 744054.58468181
1164.54; 1330.7921; 745409.27364095
1165.56; 1236.4712; 746667.94795753
1166.58; 1160.847; 747849.64006748
1167.60; 1099.9767; 748969.36892601
1168.61; 1049.66; 750037.87748352
1169.63; 1006.1609; 751062.10588541
1170.65; 966.64748; 752046.11130981
1171.67; 929.27976; 752992.07800593
1172.69; 893.04021; 753901.15440149
1173.70; 857.47664; 754774.02862003
1174.72; 822.50796; 755611.30623495
1175.74; 788.34907; 756413.81156486
1176.76; 755.50778; 757182.88588043
1177.78; 724.75205; 757920.65219257
1178.79; 696.966; 758630.13350141
1179.81; 672.89243; 759315.10896345
1180.83; 652.8484; 759979.68046229
1181.85; 636.54605; 760627.6568746
1182.87; 623.12546; 761261.97170369
1183.88; 611.41739; 761884.36822398
1184.90; 600.34635; 762495.49489894
1185.92; 589.31058; 763095.38764422
1186.94; 578.3749; 763684.14833586
1187.96; 568.1869; 764262.53807676
1188.97; 559.64535; 764832.23288899
1189.99; 553.45697; 765395.62819857
1191.01; 549.76666; 765955.26693249
1192.03; 548.01528; 766513.12284348
1193.05; 547.08292; 767070.0296496
1194.06; 545.65765; 767625.48558666
1195.08; 542.68142; 768177.9118575
1196.10; 537.70127; 768725.26854955
1197.12; 531.00136; 769265.80501792
1198.14; 523.48506; 769798.69022172
1199.15; 516.37287; 770324.33552207
1200.17; 510.84202; 770844.35065552
1201.19; 507.73679; 771361.20480293
1202.21; 507.43028; 771877.74693081
1203.22; 509.84645; 772396.74861627
1204.24; 514.58958; 772920.57859949
1205.26; 521.10083; 773451.03676263
1206.28; 528.77545; 773989.30735508
1207.30; 537.01423; 774535.96466483
1208.31; 545.22709; 775090.98231899
1209.33; 552.83172; 775653.74115899
1210.35; 559.2872; 776223.07139572
1211.37; 564.17682; 776797.37905085
1212.39; 567.32078; 777374.88712668
1213.40; 568.87643; 777953.97878296
1214.42; 569.38089; 778533.58395613
1215.44; 569.70869; 779113.52281425
1216.46; 570.94484; 779694.72002757
1217.48; 574.20018; 780279.2310317
1218.49; 580.41036; 780870.06373149
1219.51; 590.16115; 781470.82231368
1220.53; 603.57296; 782085.23353834
1221.55; 620.26417; 782716.63570246
1222.57; 639.39919; 783367.51648185
1223.58; 659.81435; 784039.17901752
1224.60; 680.20226; 784731.5955691
1225.62; 699.32099; 785443.47415591
1226.64; 716.18388; 786172.51843628
1227.66; 730.18344; 786915.81366863
1228.67; 741.11529; 787670.23705424
1229.69; 749.09655; 788432.78501311
1230.71; 754.40962; 789200.74145555
1231.73; 757.33313; 789971.67390371
1232.75; 758.03113; 790743.31687936
1233.76; 756.55202; 791513.45419406
1234.78; 752.94312; 792279.91779925
1235.80; 747.43284; 793040.77218231
1236.82; 740.59449; 793794.66541619
1237.84; 733.40125; 794541.23623656
1238.85; 727.11901; 795281.41200964
1239.87; 723.048; 796017.44367499
1240.89; 722.19065; 796752.60259358
1241.91; 724.96257; 797490.58320505
1242.93; 731.05738; 798234.76806933
1243.94; 739.52476; 798987.57235887
1244.96; 749.04482; 799750.06766738
1245.98; 758.31155; 800521.99610623
1247.00; 766.40165; 801302.15991019
1248.02; 773.01682; 802089.05767523
1249.03; 778.53958; 802881.57737424
1250.05; 783.91207; 803679.56603265
1251.07; 790.40518; 804484.16439923
1252.09; 799.36932; 805297.88787595
1253.10; 812.04264; 806124.51224005
1254.12; 829.44929; 806968.85582188
1255.14; 852.3713; 807836.53302056
1256.16; 881.34545; 808733.70465697
1257.18; 916.63508; 809666.79961792
1258.19; 958.15462; 810642.15967562
1259.21; 1005.3686; 811665.58147879
1260.23; 1057.2259; 812741.79181116
1261.25; 1112.2063; 813873.96984565
1262.27; 1168.5343; 815063.48731683
1263.28; 1224.5628; 816310.0393777
1264.30; 1279.2543; 817612.2650351
1265.32; 1332.617; 818968.81159306
1266.34; 1385.9196; 820379.61793551
1267.36; 1441.5346; 821847.03797177
1268.37; 1502.3537; 823376.36921356
1269.39; 1570.8703; 824975.44741702
1270.41; 1648.1835; 826653.22705072
1271.43; 1733.2835; 828417.63483793
1272.45; 1822.9725; 830273.34215457
1273.46; 1912.6144; 832220.30103272
1274.48; 1997.6279; 834253.80005437
1275.50; 2075.3126; 836366.37872652
1276.52; 2146.3592; 838551.27978875
1277.54; 2215.3721; 840806.43296747
1278.55; 2289.978; 843137.53179443
1279.57; 2378.5847; 845558.82836064
1280.59; 2487.4222; 848090.91682295
1281.61; 2617.9404; 850755.86714603
1282.63; 2765.7229; 853571.25369522
1283.64; 2921.7199; 856545.43847048
1284.66; 3075.8482; 859676.51925416
1285.68; 3222.1017; 862956.47973437
1286.70; 3363.5829; 866380.46200009
1287.72; 3515.6249; 869959.21644483
1288.73; 3705.5658; 873731.32257414
1289.75; 3968.7006; 877771.28849638
1290.77; 4341.1478; 882190.38961695
1291.79; 4851.4215; 887128.92739356
1292.81; 5512.9887; 892740.91197166
1293.82; 6319.8394; 899174.23572645
1294.84; 7246.1757; 906550.52987115
1295.86; 8250.0688; 914948.74390339
1296.88; 9279.8014; 924395.18128159
1297.89; 10280.997; 934860.79237452
1298.91; 11202.725; 946264.68275128
1299.93; 12001.467; 958481.65863942
1300.95; 12642.803; 971351.48669129
1301.97; 13101.508; 984688.2563621
1302.98; 13361.154; 998289.33425034
1304.00; 13414.108; 1011944.3174801
1305.02; 13262.236; 1025444.7018247
1306.04; 12917.91; 1038594.5765484
1307.06; 12404.463; 1051221.7849365
1308.07; 11755.235; 1063188.1066061
1309.09; 11010.758; 1074396.5826893
1310.11; 10214.368; 1084794.3690294
1311.13; 9407.1169; 1094370.408132
1312.15; 8623.1776; 1103148.4308437
1313.16; 7886.837; 1111176.8905345
1314.18; 7211.639; 1118518.0278263
1315.20; 6601.6384; 1125238.210806
1316.22; 6054.1684; 1131401.0929471
1317.24; 5563.2604; 1137064.2519788
1318.25; 5122.8844; 1142279.1272221
1319.27; 4729.4242; 1147093.4769589
1320.29; 4383.1096; 1151555.2933942
1321.31; 4088.3657; 1155717.0732247
1322.33; 3853.1686; 1159639.4326031
1323.34; 3687.5526; 1163393.2019934
1324.36; 3601.4704; 1167059.3434878
1325.38; 3602.3265; 1170726.3563772
1326.40; 3692.6464; 1174485.3110839
1327.42; 3868.4468; 1178423.2229888
1328.43; 4118.8037; 1182615.9874475
1329.45; 4426.8569; 1187122.3367202
1330.47; 4772.0654; 1191980.0933461
1331.49; 5133.1107; 1197205.3785484
1332.51; 5490.599; 1202794.571434
1333.52; 5828.7817; 1208728.0196592
1334.54; 6135.8914; 1214974.0922861
1335.56; 6403.2409; 1221492.3152247
1336.58; 6623.7228; 1228234.9792069
1337.60; 6790.5615; 1235147.4778
1338.61; 6897.0054; 1242168.3316732
1339.63; 6937.1644; 1249230.0657133
1340.65; 6907.6197; 1256261.7245163
1341.67; 6809.0137; 1263193.006682
1342.69; 6646.7761; 1269959.1379045
1343.70; 6430.4834; 1276505.0925691
1344.72; 6171.9486; 1282787.8699548
1345.74; 5882.715; 1288776.2199674
1346.76; 5571.9348; 1294448.2091682
1347.77; 5245.4855; 1299787.8870397
1348.79; 4906.6697; 1304782.6650291
1349.81; 4558.1702; 1309422.6855884
1350.83; 4204.3785; 1313702.5615106
1351.85; 3853.0295; 1317624.7792897
1352.86; 3515.3382; 1321203.2418932
1353.88; 3204.4403; 1324465.2237964
1354.90; 2932.6301; 1327450.5146561
1355.92; 2708.387; 1330207.5357392
1356.94; 2534.2771; 1332787.3204845
1357.95; 2406.4882; 1335237.0216593
1358.97; 2316.1421; 1337594.7543537
1359.99; 2251.8849; 1339887.076032
1361.01; 2202.8362; 1342129.4682404
1362.03; 2160.9252; 1344329.1967996
1363.04; 2121.9569; 1346489.2573898
1364.06; 2085.2746; 1348611.9769954
1365.08; 2052.3978; 1350701.2293882
1366.10; 2025.3271; 1352762.9249876
1367.12; 2005.2123; 1354804.1445807
1368.13; 1991.8176; 1356831.728992
1369.15; 1983.8256; 1358851.1778365
1370.17; 1979.665; 1360866.3914302
1371.19; 1978.3749; 1362880.2917076
1372.21; 1980.0646; 1364895.912038
1373.22; 1985.7647; 1366917.3348393
1374.24; 1996.7549; 1368949.9451784
1375.26; 2013.6878; 1370999.7924451
1376.28; 2035.9035; 1373072.254391
1377.30; 2061.2362; 1375170.5038948
1378.31; 2086.3992; 1377294.3682454
1379.33; 2107.8026; 1379440.020292
1380.35; 2122.4915; 1381600.6250478
1381.37; 2128.8658; 1383767.7186036
1382.39; 2126.943; 1385932.8547502
1383.40; 2118.1137; 1388089.0031423
1384.42; 2104.5315; 1390231.3253697
1385.44; 2088.3941; 1392357.2204609
1386.46; 2071.3897; 1394465.8057889
1387.48; 2054.4778; 1396557.1755069
1388.49; 2038.0247; 1398631.7967252
1389.51; 2022.1638; 1400690.2721972
1390.53; 2007.1715; 1402733.4861702
1391.55; 1993.6685; 1404762.95469
1392.56; 1982.5519; 1406781.1069871
1393.58; 1974.7002; 1408791.2665472
1394.60; 1970.6014; 1410797.2536966
1395.62; 1970.0922; 1412802.7225111
1396.64; 1972.3458; 1414810.4853807
1397.65; 1976.1343; 1416822.1048599
1398.67; 1980.2686; 1418837.9328295
1399.69; 1984.0362; 1420857.5960981
1400.71; 1987.4608; 1422880.7454552
1401.73; 1991.2784; 1424907.7808932
1402.74; 1996.6476; 1426940.2820256
1403.76; 2004.7175; 1428980.9979311
1404.78; 2016.2228; 1431033.4257432
1405.80; 2031.254; 1433101.1546892
1406.82; 2049.2593; 1435187.212199
1407.83; 2069.2368; 1437293.6059752
1408.85; 2090.0083; 1439421.1442129
1409.87; 2110.457; 1441569.4984008
1410.89; 2129.6675; 1443737.4079678
1411.91; 2146.9768; 1445922.9376798
1412.92; 2162.005; 1448123.765493
1413.94; 2174.7295; 1450337.5462596
1414.96; 2185.6166; 1452562.4096377
1415.98; 2195.7466; 1454797.5848944
1417.00; 2206.8137; 1457044.0259676
1418.01; 2220.896; 1459304.8022565
1419.03; 2239.9724; 1461584.9975503
1420.05; 2265.2884; 1463890.9633871
1421.07; 2296.7809; 1466228.9872271
1422.09; 2332.8072; 1468603.6842414
1423.10; 2370.3502; 1471016.5984182
1424.12; 2405.7175; 1473465.5149725
1425.14; 2435.5622; 1475944.8121707
1426.16; 2457.9166; 1478446.8652316
1427.18; 2472.8983; 1480964.1690231
1428.19; 2482.8463; 1483491.5993939
1429.21; 2491.8347; 1486028.1795777
1430.23; 2504.7215; 1488577.8780169
1431.25; 2526.0367; 1491149.2744219
1432.27; 2559.0467; 1493754.2734881
1433.28; 2605.2406; 1496406.2959925
1434.30; 2664.3162; 1499118.454914
1435.32; 2734.5645; 1501902.123559
1436.34; 2813.4436; 1504766.0877774
1437.36; 2898.1182; 1507716.2470565
1438.37; 2985.8191; 1510755.6820998
1439.39; 3074.0019; 1513884.8833719
1440.41; 3160.3828; 1517102.0167247
1441.43; 3242.971; 1520403.2212598
1442.44; 3320.1713; 1523783.0123649
1443.46; 3390.9468; 1527234.8498995
1444.48; 3454.943; 1530751.8328173
1445.50; 3512.4496; 1534327.3549183
1446.52; 3564.1289; 1537955.4843264
1447.53; 3610.558; 1541630.8765458
1448.55; 3651.7573; 1545348.2078695
1449.57; 3686.9503; 1549101.3642042
1450.59; 3714.7608; 1552882.8304294
1451.61; 3733.9008; 1556683.7803519
1452.62; 3744.1831; 1560495.1971284
1453.64; 3747.4868; 1564309.9770272
1454.66; 3748.2181; 1568125.501361
1455.68; 3752.8922; 1571945.7836364
1456.70; 3768.7347; 1575782.1929118
1457.71; 3801.5681; 1579652.0251615
1458.73; 3853.5901; 1583574.8136
1459.75; 3921.8253; 1587567.0625339
1460.77; 3997.9312; 1591636.784025
1461.79; 4069.6701; 1595779.5325973
1462.80; 4123.8102; 1599977.3934652
1463.82; 4149.685; 1604201.5937468
1464.84; 4142.3138; 1608418.2904701
1465.86; 4104.0233; 1612596.0091113
1466.88; 4043.9271; 1616712.5523894
1467.89; 3975.3042; 1620759.2405647
1468.91; 3911.636; 1624741.1172583
1469.93; 3862.5528; 1628673.0293776
1470.95; 3831.0182; 1632572.8405742
1471.97; 3812.6882; 1636453.9925865
1472.98; 3797.6577; 1640319.844223
1474.00; 3773.9981; 1644161.6114103
1475.02; 3731.8943; 1647960.5187955
1476.04; 3667.021; 1651693.3879249
1477.06; 3582.107; 1655339.8182326
1478.07; 3486.3031; 1658888.7243239
1479.09; 3392.7267; 1662342.3737239
1480.11; 3315.129; 1665717.0320325
1481.13; 3264.8169; 1669040.4747315
1482.15; 3248.7247; 1672347.5362492
1483.16; 3269.0015; 1675675.2387118
1484.18; 3323.8895; 1679058.8147635
1485.20; 3409.2569; 1682529.291152
1486.22; 3520.0562; 1686112.5564924
1487.23; 3651.1968; 1689829.3172318
1488.25; 3797.7193; 1693695.2316503
1489.27; 3954.5409; 1697720.7836139
1490.29; 4116.2281; 1701910.9262096
1491.31; 4277.201; 1706264.9322428
1492.32; 4432.5035; 1710777.0295536
1493.34; 4578.9574; 1715438.2105704
1494.36; 4716.2802; 1720239.180322
1495.38; 4847.7093; 1725173.939194
1496.40; 4979.8252; 1730243.1863674
1497.41; 5121.5435; 1735456.6966687
1498.43; 5282.5109; 1740834.0647876
1499.45; 5471.3063; 1746403.6185168
1500.47; 5693.861; 1752199.7233188
1501.49; 5952.3944; 1758259.0039799
1502.50; 6244.99; 1764616.1342952
1503.52; 6565.7721; 1771299.806939
1504.54; 6905.5469; 1778329.3556743
1505.56; 7252.741; 1785712.3330448
1506.58; 7594.4953; 1793443.2015895
1507.59; 7917.8206; 1801503.2013308
1508.61; 8210.7768; 1809861.4178226
1509.63; 8463.6915; 1818477.0905807
1510.65; 8670.4714; 1827303.2562951
1511.67; 8830.0582; 1836291.8744797
1512.68; 8948.0072; 1845400.5597205
1513.70; 9037.9934; 1854600.8469966
1514.72; 9122.8064; 1863887.4702748
1515.74; 9234.1666; 1873287.4533597
1516.76; 9410.6112; 1882867.0494956
1517.77; 9692.9125; 1892734.0161201
1518.79; 10117.045; 1903032.7310074
1519.81; 10705.557; 1913930.5261108
1520.83; 11459.086; 1925595.3811791
1521.85; 12350.334; 1938167.4884213
1522.86; 13322.832; 1951729.5568563
1523.88; 14296.018; 1966282.2865295
1524.90; 15176.702; 1981731.5138503
1525.92; 15875.196; 1997891.7783668
1526.94; 16322.817; 2014507.7020097
1527.95; 16486.62; 2031290.369247
1528.97; 16377.517; 2047961.9751153
1529.99; 16049.344; 2064299.5145227
1531.01; 15588.584; 2080168.0204268
1532.03; 15096.889; 2095536.0018965
1533.04; 14670.338; 2110469.772814
1534.06; 14380.242; 2125108.2388148
1535.08; 14259.838; 2139624.1384047
1536.10; 14299.669; 2154180.5839477
1537.11; 14452.261; 2168892.3622894
1538.13; 14644.475; 2183799.8056951
1539.15; 14794.231; 2198859.6942611
1540.17; 14827.599; 2213953.5501933
1541.19; 14692.498; 2228909.8795211
1542.20; 14366.419; 2243534.2741115
1543.22; 13857.192; 2257640.2975572
1544.24; 13197.504; 2271074.7875078
1545.26; 12435.176; 2283733.2595979
1546.28; 11621.919; 2295563.8720392
1547.29; 10803.322; 2306561.1872049
1548.31; 10012.13; 2316753.1031606
1549.33; 9265.9001; 2326185.3896004
1550.35; 8568.8458; 2334908.1048821
1551.37; 7916.691; 2342966.9547138
1552.38; 7302.7025; 2350400.7907684
1553.40; 6722.9757; 2357244.4899403
1554.42; 6179.4892; 2363534.9432584
1555.44; 5680.2593; 2369317.2021106
1556.46; 5236.8628; 2374648.1025037
1557.47; 4860.3732; 2379595.7526609
1558.49; 4557.1525; 2384234.7372394
1559.51; 4325.8653; 2388638.2814631
1560.53; 4156.5928; 2392869.5135614
1561.55; 4032.2207; 2396974.1402517
1562.56; 3931.5931; 2400976.3323252
1563.58; 3833.4756; 2404878.6450894
1564.60; 3720.2713; 2408665.7207393
1565.62; 3580.6468; 2412310.6646342
1566.64; 3410.6465; 2415782.555646
1567.65; 3213.3151; 2419053.5717129
1568.67; 2997.1785; 2422104.5700532
1569.69; 2774.0877; 2424928.4716053
1570.71; 2556.9045; 2427531.2900909
1571.73; 2357.3967; 2429931.0181911
1572.74; 2184.5733; 2432154.8195834
1573.76; 2043.595; 2434235.1111379
1574.78; 1935.3314; 2436205.1949583
1575.80; 1856.5929; 2438095.1264175
1576.82; 1800.9924; 2439928.4589788
1577.83; 1760.2884; 2441720.3566075
1578.85; 1725.9535; 2443477.3028177
1579.87; 1690.6424; 2445198.3038491
1580.89; 1649.2494; 2446877.1685712
1581.90; 1599.3598; 2448505.247802
1582.92; 1541.0759; 2450073.9965631
1583.94; 1476.3769; 2451576.8845798
1584.96; 1408.2812; 2453010.4540232
1585.98; 1340.082; 2454374.5996734
1586.99; 1274.832; 2455672.3235897
1588.01; 1215.1011; 2456909.2440835
1589.03; 1162.912; 2458093.0382763
1590.05; 1119.7016; 2459232.8461384
1591.07; 1086.2038; 2460338.5547632
1592.08; 1062.248; 2461419.8774277
1593.10; 1046.5746; 2462485.2452227
1594.12; 1036.8195; 2463540.682746
1595.14; 1029.7822; 2464588.9566277
1596.16; 1021.985; 2465629.2932986
1597.17; 1010.4003; 2466657.8371546
1598.19; 993.13038; 2467668.8010225
1599.21; 969.81592; 2468656.0317831
1600.23; 941.62693; 2469614.5673686
1601.25; 910.83426; 2470541.7573366
1602.26; 880.09996; 2471437.6611185
1603.28; 851.71711; 2472304.6723815
1604.30; 827.03487; 2473146.5581878
1605.32; 806.22821; 2473967.2637177
1606.34; 788.4457; 2474769.8674172
1607.35; 772.24304; 2475555.9775052
1608.37; 756.12842; 2476325.6836132
1609.39; 739.03109; 2477077.9853755
1610.41; 720.55392; 2477811.4781698
1611.43; 700.95964; 2478525.0248331
1612.44; 680.93369; 2479218.1859441
1613.46; 661.23411; 2479891.2937329
1614.48; 642.36279; 2480545.1913301
1615.50; 624.37075; 2481180.7738139
1616.52; 606.85566; 2481798.5266932
1617.53; 589.142; 2482398.247827
1618.55; 570.57504; 2482979.0685981
1619.57; 550.82506; 2483539.7847451
1620.59; 530.09703; 2484079.4006487
1621.61; 509.17234; 2484597.7161171
1622.62; 489.26285; 2485095.764585
1623.64; 471.71699; 2485575.9521236
1624.66; 457.66463; 2486041.834969
1625.68; 447.70713; 2486497.5815118
1626.70; 441.74463; 2486947.2584847
1627.71; 438.98954; 2487394.1308899
1628.73; 438.15744; 2487840.156261
1629.75; 437.77389; 2488285.7911918
1630.77; 436.50491; 2488730.1343498
1631.78; 433.41992; 2489171.3371304
1632.80; 428.1249; 2489607.1498025
1633.82; 420.74872; 2490035.4538401
1634.84; 411.81057; 2490454.6592318
1635.86; 402.02476; 2490863.9030845
1636.87; 392.10573; 2491263.0497931
1637.89; 382.62218; 2491652.5426566
1638.91; 373.92344; 2492033.1805845
1639.93; 366.13604; 2492405.891269
1640.95; 359.21068; 2492771.5522412
1641.96; 352.99396; 2493130.8848649
1642.98; 347.30132; 2493484.4226204
1644.00; 341.97493; 2493832.5383452
1645.02; 336.91735; 2494175.5056697
1646.04; 332.09728; 2494513.5663692
1647.05; 327.52931; 2494846.9770729
1648.07; 323.23487; 2495176.0162213
1649.09; 319.19766; 2495500.9456604
1650.11; 315.33086; 2495821.9388665
1651.13; 311.47248; 2496139.0044077
1652.14; 307.41721; 2496451.9418662
1653.16; 302.97988; 2496760.3623098
1654.18; 298.0708; 2497063.7855222
1655.20; 292.75457; 2497361.7970438
1656.22; 287.26489; 2497654.2203077
1657.23; 281.96112; 2497941.2445566
1658.25; 277.23277; 2498223.4555483
1659.27; 273.37869; 2498501.7432575
1660.29; 270.49989; 2498777.1004725
1661.31; 268.44375; 2499050.3646225
1662.32; 266.82266; 2499321.9785724
1663.34; 265.10684; 2499591.8458974
1664.36; 262.76759; 2499859.3319671
1665.38; 259.4311; 2500123.4216366
1666.40; 254.9993; 2500382.9999157
1667.41; 249.7027; 2500637.1864869
1668.43; 244.06852; 2500885.6377133
1669.45; 238.80862; 2501128.7345837
1670.47; 234.6519; 2501367.6000878
1671.49; 232.15979; 2501603.9287337
1672.50; 231.56879; 2501839.6557675
1673.52; 232.70028; 2502076.5346098
1674.54; 234.96502; 2502315.7188617
1675.56; 237.46932; 2502557.4523796
1676.57; 239.20546; 2502800.9532168
1677.59; 239.28578; 2503044.5358122
1678.61; 237.16379; 2503285.9583118
1679.63; 232.78355; 2503522.9219179
1680.65; 226.61217; 2503753.6033288
1681.66; 219.539; 2503977.0845559
1682.68; 212.66126; 2504193.5645468
1683.70; 207.00948; 2504404.2912624
1684.72; 203.28563; 2504611.2272623
1685.74; 201.68624; 2504816.5351485
1686.75; 201.85939; 2505022.0192952
1687.77; 203.00691; 2505228.6715715
1688.79; 204.10101; 2505436.4375932
1689.81; 204.15257; 2505644.2560952
1690.83; 202.45558; 2505850.3471414
1691.84; 198.74259; 2506052.6585196
1692.86; 193.21508; 2506249.3431376
1693.88; 186.45149; 2506439.1427128
1694.90; 179.22997; 2506621.5910905
1695.92; 172.32438; 2506797.0098712
1696.93; 166.33317; 2506966.3298592
1697.95; 161.58409; 2507130.8154903
1698.97; 158.12921; 2507291.7842054
1699.99; 155.81515; 2507450.3973052
1701.01; 154.39191; 2507607.5616026
1702.02; 153.61689; 2507763.9369659
1703.04; 153.31925; 2507920.0093475
1704.06; 153.40933; 2508076.1734269
1705.08; 153.84102; 2508232.7769458
1706.10; 154.55271; 2508390.1049321
1707.11; 155.41907; 2508548.3148352
1708.13; 156.23943; 2508707.3598297
1709.15; 156.77201; 2508866.9469731
1710.17; 156.80339; 2509026.5660605
1711.19; 156.2268; 2509185.5982037
1712.20; 155.09747; 2509343.4807396
1713.22; 153.63981; 2509499.879441
1714.24; 152.1976; 2509654.8100308
1715.26; 151.13845; 2509808.6624534
1716.28; 150.7404; 2509962.1096722
1717.29; 151.09565; 2510115.9185255
1718.31; 152.06249; 2510270.7115744
1719.33; 153.28183; 2510426.7458645
1720.35; 154.25617; 2510583.7719939
1721.37; 154.47025; 2510741.016044
1722.38; 153.52157; 2510897.2943749
1723.40; 151.22663; 2511051.2365595
1724.42; 147.67589; 2511201.5642469
1725.44; 143.22414; 2511347.3602424
1726.45; 138.41941; 2511488.2652305
1727.47; 133.88829; 2511624.5577312
1728.49; 130.20528; 2511757.1010892
1729.51; 127.77699; 2511887.1725482
1730.53; 126.76745; 2512016.2163411
1731.54; 127.08062; 2512145.5789265
1732.56; 128.40156; 2512276.2861767
1733.58; 130.28345; 2512408.9091058
1734.60; 132.25605; 2512543.5400532
1735.62; 133.92681; 2512679.8717654
1736.63; 135.04897; 2512817.345791
1737.65; 135.54176; 2512955.3214533
1738.67; 135.46268; 2513093.2166164
1739.69; 134.94614; 2513230.5859642
1740.71; 134.13176; 2513367.1263067
1741.72; 133.10679; 2513502.6232753
1742.74; 131.88; 2513636.8714199
1743.76; 130.39201; 2513769.6048576
1744.78; 128.55438; 2513900.4676733
1745.80; 126.30071; 2514029.0363437
1746.81; 123.63103; 2514154.8873956
1747.83; 120.63544; 2514277.6890683
1748.85; 117.49118; 2514397.2900178
1749.87; 114.43639; 2514513.781322
1750.89; 111.72959; 2514627.5172231
1751.90; 109.60542; 2514739.0908129
1752.92; 108.23531; 2514849.2696884
1753.94; 107.69847; 2514958.9020874
1754.96; 107.96608; 2515068.8069017
1755.98; 108.90046; 2515179.662874
1756.99; 110.27111; 2515291.9141095
1758.01; 111.78849; 2515405.7099695
1759.03; 113.15342; 2515520.8952637
1760.05; 114.11487; 2515637.0592753
1761.07; 114.5235; 2515753.6392539
1762.08; 114.36539; 2515870.0582821
1763.10; 113.763; 2515985.8641103
1764.12; 112.93841; 2516100.8305332
1765.14; 112.14566; 2516214.9899735
1766.16; 111.59092; 2516328.5847142
1767.17; 111.36497; 2516441.9494497
1768.19; 111.41097; 2516555.3610083
1769.21; 111.53969; 2516668.9036024
1770.23; 111.48889; 2516782.3944801
1771.24; 111.00794; 2516895.3957719
1772.26; 109.93992; 2517007.309868
1773.28; 108.27362; 2517117.5277416
1774.30; 106.14832; 2517225.5821461
1775.32; 103.81051; 2517331.2567666
1776.33; 101.53826; 2517434.6183303
1777.35; 99.559369; 2517535.9654715
1778.37; 97.991046; 2517635.7161279
1779.39; 96.819852; 2517734.2745594
1780.41; 95.926211; 2517831.9233029
1781.42; 95.141955; 2517928.7737077
1782.44; 94.318629; 2518024.7860024
1783.46; 93.381852; 2518119.8446985
1784.48; 92.353485; 2518213.8565614
1785.50; 91.335946; 2518306.8326129
1786.51; 90.466922; 2518398.9240353
1787.53; 89.862982; 2518490.400673
1788.55; 89.573632; 2518581.5827652
1789.57; 89.562504; 2518672.7535293
1790.59; 89.721663; 2518764.0863108
1791.60; 89.912599; 2518855.6134566
1792.62; 90.017828; 2518947.2477213
1793.64; 89.983603; 2519038.8471466
1794.66; 89.837928; 2519130.298281
1795.68; 89.677401; 2519221.5860052
1796.69; 89.627752; 2519312.8231897
1797.71; 89.792233; 2519404.2278077
1798.73; 90.205984; 2519496.0536071
1799.75; 90.81213; 2519588.4964364
1800.77; 91.467594; 2519681.6065
1801.78; 91.976736; 2519775.2348483
1802.80; 92.142154; 2519869.0315852
1803.82; 91.817392; 2519962.4977281
1804.84; 90.946798; 2520055.0776436
1805.86; 89.582666; 2520146.2689317
1806.87; 87.876828; 2520235.7237506
1807.89; 86.050543; 2520323.3194903
1808.91; 84.350927; 2520409.1850936
1809.93; 83.003632; 2520493.6792088
1810.95; 82.170567; 2520577.3253006
1811.96; 81.919292; 2520660.7156047
1812.98; 82.208441; 2520744.40025
1814.00; 82.891566; 2520828.7802877
1815.02; 83.739799; 2520914.0237899
1816.04; 84.481264; 2521000.0220708
1817.05; 84.851908; 2521086.3976517
1818.07; 84.648894; 2521172.5665728
1819.09; 83.775184; 2521257.8460946
1820.11; 82.263992; 2521341.587289
1821.12; 80.275237; 2521423.3040158
1822.14; 78.062749; 2521502.7685262
1823.16; 75.919075; 2521580.0508681
1824.18; 74.111498; 2521655.4931753
1825.20; 72.82605; 2521729.626952
1826.21; 72.134119; 2521803.0563723
1827.23; 71.989522; 2521876.3385994
1828.25; 72.254623; 2521949.8906872
1829.27; 72.745537; 2522023.9425044
1830.29; 73.281669; 2522098.5400814
1831.30; 73.725168; 2522173.5891214
1832.32; 74.001012; 2522248.9189579
1833.34; 74.096047; 2522324.345536
1834.36; 74.042442; 2522399.7175472
1835.38; 73.895045; 2522474.9395147
1836.39; 73.712005; 2522549.9751547
1837.41; 73.544324; 2522624.8401032
1838.43; 73.434766; 2522699.593526
1839.45; 73.422128; 2522774.3340843
1840.47; 73.545145; 2522849.1998686
1841.48; 73.841483; 2522924.3673122
1842.50; 74.340645; 2523000.0428804
1843.52; 75.05323; 2523076.44383
1844.54; 75.961248; 2523153.769103
1845.56; 77.014073; 2523232.166106
1846.57; 78.132441; 2523311.701559
1847.59; 79.219686; 2523392.3437808
1848.61; 80.176694; 2523473.960195
1849.63; 80.915936; 2523556.3291262
1850.65; 81.370784; 2523639.1610728
1851.66; 81.498503; 2523722.1230317
1852.68; 81.277948; 2523804.8604758
1853.70; 80.704866; 2523887.0145471
1854.72; 79.788235; 2523968.235527
1855.74; 78.550183; 2524048.1962237
1856.75; 77.030134; 2524126.6095764
1857.77; 75.29164; 2524203.2532171
1858.79; 73.428626; 2524278.0003901
1859.81; 71.566954; 2524350.8524609
1860.83; 69.857636; 2524421.9645197
1861.84; 68.459795; 2524491.6536373
1862.86; 67.51433; 2524560.380312
1863.88; 67.112711; 2524628.6981561
1864.90; 67.2685; 2524697.1745868
1865.91; 67.900785; 2524766.294656
1866.93; 68.83773; 2524836.3684951
1867.95; 69.844237; 2524907.4669146
1868.97; 70.670891; 2524979.4068324
1869.99; 71.113773; 2525051.7975846
1871.00; 71.068971; 2525124.1427307
1872.02; 70.564467; 2525195.974313
1873.04; 69.756839; 2525266.9837647
1874.06; 68.890347; 2525337.1111649
1875.08; 68.228355; 2525406.5646864
1876.09; 67.977431; 2525475.7627782
1877.11; 68.228486; 2525545.2164323
1878.13; 68.934809; 2525615.3890929
1879.15; 69.934674; 2525686.5795737
1880.17; 71.01045; 2525758.8651472
1881.18; 71.962731; 2525832.1201021
1882.20; 72.672334; 2525906.0974021
1883.22; 73.127576; 2525980.5381193
1884.24; 73.407838; 2526055.2641307
1885.26; 73.631648; 2526130.2179712
1886.27; 73.891751; 2526205.4365848
1887.29; 74.204804; 2526280.9738728
1888.31; 74.497348; 2526356.8089588
1889.33; 74.634664; 2526432.7838265
1890.35; 74.481184; 2526508.6024582
1891.36; 73.967647; 2526583.8983312
1892.38; 73.136723; 2526658.3483591
1893.40; 72.14698; 2526731.7908716
1894.42; 71.231506; 2526804.3014712
1895.44; 70.625568; 2526876.1952521
1896.45; 70.490062; 2526947.9510938
1897.47; 70.859223; 2527020.0827253
1898.49; 71.631607; 2527093.0006101
1899.51; 72.606702; 2527166.9111001
1900.53; 73.552483; 2527241.7843535
1901.54; 74.278459; 2527317.3966195
1902.56; 74.688296; 2527393.4260822
1903.58; 74.795415; 2527469.5645876
1904.60; 74.69999; 2527545.6059538
1905.62; 74.540118; 2527621.4845776
1906.63; 74.438151; 2527697.2594035
1907.65; 74.462503; 2527773.0590183
1908.67; 74.616859; 2527849.0157609
1909.69; 74.85656; 2527925.216509
1910.71; 75.121297; 2528001.6867475
1911.72; 75.368146; 2528078.4082682
1912.74; 75.590891; 2528155.3565329
1913.76; 75.818883; 2528232.5368839
1914.78; 76.097977; 2528310.0013403
1915.79; 76.463239; 2528387.8376179
1916.81; 76.915705; 2528466.1344864
1917.83; 77.412849; 2528544.9374258
1918.85; 77.876369; 2528624.2122088
1919.87; 78.214127; 2528703.8308152
1920.88; 78.34828; 2528783.5859838
1921.90; 78.240293; 2528863.2312257
1922.92; 77.90552; 2528942.5356828
1923.94; 77.414067; 2529021.339862
1924.96; 76.878848; 2529099.5992115
1925.97; 76.434726; 2529177.4064645
1926.99; 76.21377; 2529254.9887941
1928.01; 76.321268; 2529332.6805513
1929.03; 76.816038; 2529410.875963
1930.05; 77.697513; 2529489.968678
1931.06; 78.901344; 2529570.2868412
1932.08; 80.304765; 2529652.0336265
1933.10; 81.742125; 2529735.2435821
1934.12; 83.02955; 2529819.7640807
1935.14; 83.995649; 2529905.268027
1936.15; 84.513068; 2529991.2986831
1937.17; 84.524346; 2530077.3408198
1938.19; 84.055717; 2530162.905913
1939.21; 83.214483; 2530247.6146659
1940.23; 82.169144; 2530331.2593088
1941.24; 81.115724; 2530413.831615
1942.26; 80.237438; 2530495.5098644
1943.28; 79.667023; 2530576.6074565
1944.30; 79.460834; 2530657.4951568
1945.32; 79.591218; 2530738.5155821
1946.33; 79.959212; 2530819.9106092
1947.35; 80.424367; 2530901.7791446
1948.37; 80.843919; 2530984.0747652
1949.39; 81.110825; 2531066.6420854
1950.41; 81.180385; 2531149.2802147
1951.42; 81.07822; 2531231.8143442
1952.44; 80.887826; 2531314.1546611
1953.46; 80.722; 2531396.3261733
1954.48; 80.687418; 2531478.4624833
1955.50; 80.853782; 2531560.7681446
1956.51; 81.237228; 2531643.4641371
1957.53; 81.802709; 2531726.735765
1958.55; 82.483213; 2531810.7001165
1959.57; 83.207614; 2531895.4018766
1960.58; 83.925936; 2531980.8348579
1961.60; 84.622183; 2532066.9765888
1962.62; 85.310261; 2532153.8187532
1963.64; 86.015858; 2532241.379185
1964.66; 86.753371; 2532329.6903735
1965.67; 87.509358; 2532418.7711236
1966.69; 88.241265; 2532508.5969238
1967.71; 88.893268; 2532599.0864349
1968.73; 89.422779; 2532690.1149654
1969.75; 89.825294; 2532781.5532385
1970.76; 90.144612; 2532873.3165631
1971.78; 90.460888; 2532965.4018437
1972.80; 90.858547; 2533057.8919234
1973.82; 91.385804; 2533150.918728
1974.84; 92.023102; 2533244.5942753
1975.85; 92.67615; 2533338.9345965
1976.87; 93.200543; 2533433.8087278
1977.89; 93.45228; 2533528.9391161
1978.91; 93.346814; 2533623.9621445
1979.93; 92.903854; 2533718.5342586
1980.94; 92.258442; 2533812.4493712
1981.96; 91.630343; 2533905.7251066
1982.98; 91.259182; 2533998.6230161
1984.00; 91.326211; 2534091.5891577
1985.02; 91.889704; 2534185.1289108
1986.03; 92.85719; 2534279.6535236
1987.05; 94.0053; 2534375.3468621
1988.07; 95.041507; 2534472.0950148
1989.09; 95.687637; 2534569.5009005
1990.11; 95.757822; 2534666.9782311
1991.12; 95.206088; 2534763.8939203
1992.14; 94.129671; 2534859.7138634
1993.16; 92.729209; 2534954.1081964
1994.18; 91.240817; 2535046.9874108
1995.20; 89.863052; 2535138.4641204
1996.21; 88.701749; 2535228.7586737
1997.23; 87.748417; 2535318.082776
1998.25; 86.896338; 2535406.5394985
1999.27; 85.986762; 2535494.0703113
2000.29; 84.869214; 2535580.4635093
