#Wavenumber (cm^-1);  Spectrum at 400.00 K (cm*km*mol^-1);  Integral (km*mol^-1)
0.00; 0.0061040737; 0.0062136836069909
1.02; 0.0062779769; 0.012604393159602
2.04; 0.0067773836; 0.019503477168855
3.05; 0.007541467; 0.027180365134061
4.07; 0.0084869812; 0.035819745797671
5.09; 0.009528832; 0.045519685567133
6.11; 0.010598366; 0.05630836512768
7.13; 0.011654071; 0.068171706691471
8.14; 0.012682721; 0.081082169170363
9.16; 0.013692779; 0.095020827772005
10.18; 0.014704444; 0.1099893172361
11.20; 0.015741094; 0.12601307144
12.22; 0.016825133; 0.14314033081934
13.23; 0.017978272; 0.16144143615391
14.25; 0.019223698; 0.18101033081925
15.27; 0.020586593; 0.20196659456817
16.29; 0.02209055; 0.22445382149059
17.31; 0.02374993; 0.2486302258415
18.32; 0.025560936; 0.27465015617788
19.34; 0.027495541; 0.30263943010268
20.36; 0.029501781; 0.33267097030831
21.38; 0.031511447; 0.36474826341323
22.40; 0.033453022; 0.39880199597778
23.41; 0.035265478; 0.43470073038146
24.43; 0.03690823; 0.47227171576089
25.45; 0.038364477; 0.51132509778805
26.47; 0.039638273; 0.5516751491197
27.48; 0.04074845; 0.59315531290827
28.50; 0.04172344; 0.6356279742649
29.52; 0.042599612; 0.67899254153019
30.54; 0.043422689; 0.72319496545038
31.56; 0.044248783; 0.76823831738316
32.57; 0.045140532; 0.81418943078269
33.59; 0.046155601; 0.86117384098657
34.61; 0.047329068; 0.90935278965542
35.63; 0.048655889; 0.9588823849199
36.65; 0.050082326; 1.0098640312497
37.66; 0.051513851; 1.0623029082929
38.68; 0.052841519; 1.1160932947905
39.70; 0.053980862; 1.1710434830373
40.72; 0.054910365; 1.2269398649995
41.74; 0.055693965; 1.2836339178963
42.75; 0.056475612; 1.3411236543047
43.77; 0.057443208; 1.3995983611993
44.79; 0.058770909; 1.4594246103116
45.81; 0.060558319; 1.5210703659433
46.83; 0.062788275; 1.5849861204046
47.84; 0.065319976; 1.6514790369633
48.86; 0.067922447; 1.7206211566353
49.88; 0.070338975; 1.792223197561
50.90; 0.072361673; 1.8658842581353
51.92; 0.07389121; 1.9411023214698
52.93; 0.074961685; 2.0174100819666
53.95; 0.075722846; 2.0944926718499
54.97; 0.076386732; 2.1722510683153
55.99; 0.077157786; 2.2507943648164
57.01; 0.078170298; 2.330368355003
58.02; 0.079453127; 2.4112482092781
59.04; 0.080931063; 2.493632538664
60.06; 0.082459073; 2.577572316873
61.08; 0.083874979; 2.6629534264651
62.10; 0.085051439; 2.7495321213838
63.11; 0.085930477; 2.8370056386427
64.13; 0.086531605; 2.925091078182
65.15; 0.086934445; 3.0135865919049
66.17; 0.087245004; 3.1023982409308
67.19; 0.08755882; 3.1915293409902
68.20; 0.087933386; 3.2810417334177
69.22; 0.088377567; 3.3710062826275
70.24; 0.088859342; 3.4614612585313
71.26; 0.08932735; 3.5523926464388
72.27; 0.089737958; 3.6437420156178
73.29; 0.090078683; 3.7354382280283
74.31; 0.090380467; 3.827441643121
75.33; 0.090714884; 3.9197854806884
76.35; 0.091176814; 4.0125995424255
77.36; 0.091857376; 4.1061063878637
78.38; 0.092815027; 4.2005880800984
79.40; 0.094053634; 4.2963306209788
80.42; 0.09551476; 4.3935605249394
81.44; 0.097087251; 4.492391156972
82.45; 0.098631802; 4.5927940754453
83.47; 0.10001309; 4.694603082821
84.49; 0.10112936; 4.7975484024761
85.51; 0.10193037; 4.9013091171472
86.53; 0.10241918; 5.0055674196052
87.54; 0.10263984; 5.1100503471384
88.56; 0.10265892; 5.2145526963573
89.58; 0.10255097; 5.318945162542
90.60; 0.10239556; 5.4231794200215
91.62; 0.10228651; 5.5273026759135
92.63; 0.10234647; 5.6314869657004
93.65; 0.10273409; 5.7360658367672
94.67; 0.1036322; 5.8415589486405
95.69; 0.10521186; 5.9486600802499
96.71; 0.10757842; 6.0581702721692
97.72; 0.11071644; 6.1708748262154
98.74; 0.11445493; 6.2873850072958
99.76; 0.11847137; 6.4079837517194
100.78; 0.12234054; 6.5325211383084
101.80; 0.12561882; 6.6603956801962
102.81; 0.12794079; 6.790633887994
103.83; 0.12909907; 6.9220511675972
104.85; 0.12908373; 7.053452830664
105.87; 0.12807136; 7.1838239439369
106.89; 0.12637122; 7.3124643886406
107.90; 0.12434978; 7.4390470968004
108.92; 0.12235934; 7.5636036287571
109.94; 0.12069038; 7.6864612232287
110.96; 0.11955366; 7.8081616892732
111.98; 0.11908411; 7.9293841768076
112.99; 0.11934972; 8.0508770397648
114.01; 0.12035056; 8.1733887151166
115.03; 0.12200333; 8.2975828368392
116.05; 0.12412056; 8.4239322076443
117.07; 0.12640369; 8.5526057079096
118.08; 0.12846905; 8.683381660806
119.10; 0.12991459; 8.8156291046889
120.12; 0.13041657; 8.9483875461103
121.14; 0.12982815; 9.0805470016439
122.15; 0.12824327; 9.2110931132281
123.17; 0.12599606; 9.3393516606034
124.19; 0.12358588; 9.4651567540331
125.21; 0.12154477; 9.5888840877955
126.23; 0.12028692; 9.7113309795027
127.24; 0.1199893; 9.8334749091696
128.26; 0.12054414; 9.9561836422056
129.28; 0.12159986; 10.079967049661
130.30; 0.12267668; 10.204846614535
131.32; 0.12331729; 10.330378294285
132.33; 0.12322179; 10.455812760068
133.35; 0.12232367; 10.580332976738
134.37; 0.12078628; 10.703288201497
135.39; 0.11892828; 10.824352058826
136.41; 0.11711033; 10.943565320527
137.42; 0.11562584; 11.061267434532
138.44; 0.11463193; 11.177957789678
139.46; 0.11413773; 11.294145077733
140.48; 0.11404357; 11.410236507447
141.50; 0.11420611; 11.526493395547
142.51; 0.11449858; 11.643048006079
143.53; 0.11484178; 11.759951987365
144.55; 0.11519807; 11.877218649241
145.57; 0.11553786; 11.994831206677
146.59; 0.11580025; 12.112710868889
147.60; 0.11587013; 12.230661666089
148.62; 0.11558568; 12.348322901575
149.64; 0.11477554; 12.465159444799
150.66; 0.11331157; 12.580505732378
151.68; 0.11115627; 12.693658019614
152.69; 0.108386; 12.803990291749
153.71; 0.10518092; 12.911059934124
154.73; 0.10178518; 13.014672857769
155.75; 0.098451235; 13.11489196688
156.77; 0.095386578; 13.211991387216
157.78; 0.092718188; 13.30637450168
158.80; 0.090482064; 13.398481338855
159.82; 0.088635904; 13.488708864228
160.84; 0.087086064; 13.577358719366
161.86; 0.085717736; 13.664615675387
162.87; 0.084419588; 13.75055117288
163.89; 0.083099087; 13.835142458051
164.91; 0.081689532; 13.918298876631
165.93; 0.080152413; 13.999890574123
166.94; 0.078478434; 14.079778233148
167.96; 0.076688219; 14.157843530586
168.98; 0.074831241; 14.234018504924
170.00; 0.072980444; 14.308309447383
171.02; 0.07122106; 14.380809413019
172.03; 0.06963472; 14.451694552681
173.05; 0.068282604; 14.521203296535
174.07; 0.067192682; 14.589602547164
175.09; 0.06635516; 14.657149236395
176.11; 0.065727465; 14.724056959502
177.12; 0.0652467; 14.790475284716
178.14; 0.064844975; 14.856484670945
179.16; 0.06446252; 14.922104734477
180.18; 0.064055061; 14.987310022979
181.20; 0.063594754; 15.052046738137
182.21; 0.063066627; 15.116245842933
183.23; 0.062463814; 15.17983131032
184.25; 0.061784303; 15.242725065098
185.27; 0.061030106; 15.304851078966
186.29; 0.060207675; 15.366139894094
187.30; 0.059327348; 15.426532574736
188.32; 0.058400098; 15.48598135405
189.34; 0.057431771; 15.544444419039
190.36; 0.056417189; 15.601874682511
191.38; 0.055337685; 15.658206057529
192.39; 0.054165134; 15.713343826446
193.41; 0.052873078; 15.767166338263
194.43; 0.051452316; 15.819542575707
195.45; 0.049925613; 15.870364694871
196.47; 0.048355392; 15.919588397035
197.48; 0.046839973; 15.967269468336
198.50; 0.045497589; 16.013584051104
199.52; 0.044441746; 16.058823830765
200.54; 0.043754731; 16.103364258799
201.56; 0.043467007; 16.147611796057
202.57; 0.043548415; 16.191942203461
203.59; 0.043913363; 16.23664411235
204.61; 0.044437876; 16.28187995287
205.63; 0.04498319; 16.327670898883
206.65; 0.045419474; 16.373905963956
207.66; 0.045644446; 16.420370040658
208.68; 0.045594236; 16.466783005837
209.70; 0.045246725; 16.512842218944
210.72; 0.044619398; 16.558262841109
211.74; 0.043764157; 16.602812864279
212.75; 0.042760567; 16.646341276778
213.77; 0.041707756; 16.688797972126
214.79; 0.040714303; 16.73024337526
215.81; 0.039885841; 16.770845440288
216.82; 0.039311333; 16.810862680678
217.84; 0.039050585; 16.850614491155
218.86; 0.039126397; 16.890443474493
219.88; 0.039524129; 16.930677332457
220.90; 0.040199425; 16.971598612152
221.91; 0.041091949; 17.013428442798
222.93; 0.042140644; 17.056325800223
223.95; 0.043295166; 17.100398410583
224.97; 0.044519481; 17.145717321431
225.99; 0.045786728; 17.192326234266
227.00; 0.047068092; 17.240239520894
228.02; 0.048321274; 17.289428492208
229.04; 0.049484663; 17.339801743656
230.06; 0.050481418; 17.391189648544
231.08; 0.05123371; 17.443343354829
232.09; 0.051683103; 17.495954523216
233.11; 0.051809986; 17.54869485299
234.13; 0.051644588; 17.601266815298
235.15; 0.051264528; 17.653451892656
236.17; 0.050778387; 17.705142099257
237.18; 0.050299709; 17.756345032202
238.20; 0.049919283; 17.807160708689
239.22; 0.049684296; 17.857737177764
240.24; 0.049590613; 17.908218281449
241.26; 0.049590018; 17.958698779849
242.27; 0.049609223; 18.009198827795
243.29; 0.049573789; 18.059662805979
244.31; 0.049428972; 18.1099793665
245.33; 0.049151171; 18.16001313738
246.35; 0.048747461; 18.209635948923
247.36; 0.048245018; 18.258747294913
248.38; 0.047675587; 18.307278985034
249.40; 0.047061333; 18.355185391226
250.42; 0.046407163; 18.402425881058
251.44; 0.045701626; 18.448948164594
252.45; 0.04492496; 18.494679835523
253.47; 0.044060205; 18.539531223236
254.49; 0.043102409; 18.583407615729
255.51; 0.042062088; 18.626225006286
256.53; 0.04096169; 18.667922239511
257.54; 0.039826777; 18.708464179963
258.56; 0.038675845; 18.747834521265
259.58; 0.037513345; 18.786021487623
260.60; 0.036329295; 18.823003142056
261.61; 0.035106413; 18.858739955134
262.63; 0.033832795; 18.893180280053
263.65; 0.032515885; 18.92628004806
264.67; 0.031192605; 18.958032774002
265.69; 0.029931341; 18.988501587965
266.70; 0.028823796; 19.01784296808
267.72; 0.027967722; 19.046312902611
268.74; 0.027444461; 19.074250179677
269.76; 0.027297; 19.102037347886
270.78; 0.027514596; 19.130046019417
271.79; 0.028028586; 19.158577910927
272.81; 0.028721354; 19.187815010028
273.83; 0.029447107; 19.217790894073
274.85; 0.030060074; 19.248390752117
275.87; 0.030443685; 19.27938110978
276.88; 0.030533819; 19.310463220336
277.90; 0.03033046; 19.34133831979
278.92; 0.029894805; 19.371769941182
279.94; 0.029332429; 19.401629087767
280.96; 0.028766584; 19.43091222873
281.97; 0.028308275; 19.459728831269
282.99; 0.028030611; 19.488262783696
284.01; 0.027953845; 19.51671859199
285.03; 0.028044682; 19.545266868169
286.05; 0.028229551; 19.574003332436
287.06; 0.028417735; 19.602931360216
288.08; 0.028527556; 19.631971180856
289.10; 0.028508072; 19.660991167509
290.12; 0.02835025; 19.689850498554
291.14; 0.028084834; 19.718439647378
292.15; 0.027768213; 19.746706489867
293.17; 0.027461232; 19.774660838541
294.19; 0.027207883; 19.802357289408
295.21; 0.027020635; 19.829863129446
296.23; 0.026876773; 19.85722252447
297.24; 0.026726483; 19.884428930414
298.26; 0.026509588; 19.911414546936
299.28; 0.02617526; 19.938059831753
300.30; 0.025698338; 19.964219630923
301.32; 0.025087376; 19.989757497315
302.33; 0.02438247; 20.014577800102
303.35; 0.023644319; 20.038646696478
304.37; 0.022938573; 20.061997173807
305.39; 0.022320579; 20.084718560164
306.41; 0.021824848; 20.106935314134
307.42; 0.021461472; 20.128782166862
308.44; 0.021219141; 20.150382337263
309.46; 0.021072371; 20.171833101557
310.48; 0.020989678; 20.193199687619
311.49; 0.02093995; 20.214515652859
312.51; 0.020895693; 20.235786566632
313.53; 0.020833525; 20.25699419565
314.55; 0.020733472; 20.278099975647
315.57; 0.020578874; 20.299048380896
316.58; 0.020357963; 20.319771909095
317.60; 0.020066984; 20.340199232886
318.62; 0.019713483; 20.360266708177
319.64; 0.019317913; 20.379931510315
320.66; 0.01891198; 20.39918309015
321.67; 0.018533283; 20.418049172056
322.69; 0.018217183; 20.436593478741
323.71; 0.017988033; 20.454904520333
324.73; 0.017852334; 20.473077425828
325.75; 0.01779605; 20.491193036415
326.76; 0.017787135; 20.509299572774
327.78; 0.017782871; 20.527401767661
328.80; 0.01774021; 20.545460535614
329.82; 0.017626506; 20.563403558329
330.84; 0.017427839; 20.581144346497
331.85; 0.01715279; 20.598605146208
332.87; 0.016830675; 20.615738046827
333.89; 0.016504642; 20.632539060151
334.91; 0.016221325; 20.649051669035
335.93; 0.016019632; 20.665358963094
336.94; 0.01592148; 20.681566343121
337.96; 0.015926818; 20.697779156763
338.98; 0.016014168; 20.714080888499
340.00; 0.016146467; 20.73051729533
341.02; 0.01628054; 20.747090182913
342.03; 0.016377544; 20.763761816124
343.05; 0.016411532; 20.780468047918
344.07; 0.016373954; 20.797136026789
345.09; 0.016273258; 20.81370150157
346.11; 0.016130361; 20.830121513376
347.12; 0.015971982; 20.846380302143
348.14; 0.015824287; 20.862488743581
349.16; 0.01570877; 20.878479594072
350.18; 0.015641057; 20.894401514808
351.20; 0.015631876; 20.910314089974
352.21; 0.015688514; 20.92628432074
353.23; 0.015814998; 20.942383305822
354.25; 0.016010198; 20.958680996868
355.27; 0.016264549; 20.975237606179
356.28; 0.016557351; 20.992092275264
357.30; 0.016857114; 21.009252089478
358.32; 0.017126549; 21.026686177424
359.34; 0.017331982; 21.044329386754
360.36; 0.017454716; 21.062097534035
361.37; 0.017500346; 21.079912131139
362.39; 0.017501864; 21.097728273219
363.41; 0.017514028; 21.115556798322
364.43; 0.017599391; 21.133472218752
365.45; 0.017809531; 21.151601553257
366.46; 0.018167287; 21.170095066999
367.48; 0.01865602; 21.189086090469
368.50; 0.019220088; 21.208651311134
369.52; 0.019777124; 21.228783570184
370.54; 0.020238854; 21.249385849816
371.55; 0.020534254; 21.270288834476
372.57; 0.020628029; 21.291287277802
373.59; 0.020528904; 21.312184816714
374.61; 0.020285599; 21.332834681009
375.63; 0.019972241; 21.35316556071
376.64; 0.019668181; 21.37318692042
377.66; 0.019438467; 21.392974440721
378.68; 0.019320459; 21.412641834602
379.70; 0.019319553; 21.432308306364
380.72; 0.019413784; 21.45207070038
381.73; 0.019564405; 21.471986420023
382.75; 0.019728187; 21.492068862971
383.77; 0.019867472; 21.512293092124
384.79; 0.019955638; 21.532607070201
385.81; 0.019977764; 21.552943571731
386.82; 0.019928085; 21.573229502523
387.84; 0.019806648; 21.59339181529
388.86; 0.01961726; 21.613361338945
389.88; 0.01936764; 21.633076760702
390.90; 0.019071225; 21.652490445064
391.91; 0.018749012; 21.67157613012
392.93; 0.018429578; 21.690336645178
393.95; 0.018146072; 21.70880856368
394.97; 0.017930236; 21.727060770481
395.99; 0.01780489; 21.745185379961
397.00; 0.017777222; 21.763281824755
398.02; 0.017835304; 21.781437394548
399.04; 0.017949415; 21.799709124117
400.06; 0.01807831; 21.818112063297
401.07; 0.018178968; 21.836617468701
402.09; 0.018217168; 21.855161759608
403.11; 0.018175879; 21.87366401972
404.13; 0.018059072; 21.892047375451
405.15; 0.017889893; 21.910258514565
406.16; 0.017703826; 21.92828024542
407.18; 0.017538918; 21.946134107082
408.20; 0.01742592; 21.963872941904
409.22; 0.017381094; 21.981566145282
410.24; 0.017403554; 21.999282212281
411.25; 0.01747768; 22.017073736394
412.27; 0.017579729; 22.034969141739
413.29; 0.017686746; 22.052973485462
414.31; 0.017785357; 22.071078211057
415.33; 0.017878116; 22.089277361218
416.34; 0.017985645; 22.107585971225
417.36; 0.01814374; 22.126055515381
418.38; 0.018395738; 22.144781582797
419.40; 0.018781645; 22.163900486623
420.42; 0.01932661; 22.183574141257
421.43; 0.020032014; 22.203965866826
422.45; 0.02087237; 22.225213039006
423.47; 0.02180015; 22.247404650695
424.49; 0.022758508; 22.270571829913
425.51; 0.023699134; 22.294696525452
426.52; 0.024599896; 22.319738157842
427.54; 0.025475748; 22.345671369924
428.56; 0.02637732; 22.372522343067
429.58; 0.027375047; 22.400388959605
430.60; 0.028531834; 22.429433135814
431.61; 0.02987244; 22.459841990625
432.63; 0.031360958; 22.49176609216
433.65; 0.03289718; 22.525254001685
434.67; 0.034337689; 22.560208287567
435.69; 0.035539311; 22.596385772165
436.70; 0.03641365; 22.633453296293
437.72; 0.036975156; 22.671092409845
438.74; 0.037364318; 22.709127673325
439.76; 0.037833353; 22.747640394557
440.78; 0.038692894; 22.787028090524
441.79; 0.040231236; 22.827981752846
442.81; 0.042628287; 22.871375509785
443.83; 0.045890287; 22.918089842134
444.85; 0.049826893; 22.968811469334
445.87; 0.054080155; 23.023862733776
446.88; 0.058199141; 23.083106947981
447.90; 0.061739655; 23.145955252978
448.92; 0.064360608; 23.211471574718
449.94; 0.065889821; 23.278544569082
450.95; 0.066342035; 23.346077898213
451.97; 0.065887125; 23.413148148627
452.99; 0.064781802; 23.479093228087
454.01; 0.063288322; 23.543518008416
455.03; 0.061605685; 23.606229937561
456.04; 0.059832436; 23.667136775588
457.06; 0.05796806; 23.726145759705
458.08; 0.055946829; 23.783097217918
459.10; 0.053688137; 23.837749425132
460.12; 0.051144053; 23.889811864224
461.13; 0.048328337; 23.93900802629
462.15; 0.045319614; 23.985141438165
463.17; 0.042241202; 24.02814115942
464.19; 0.039227746; 24.068073312414
465.21; 0.036391852; 24.105118647013
466.22; 0.033801965; 24.139527588935
467.24; 0.031477171; 24.171569990256
468.26; 0.029397859; 24.20149574189
469.28; 0.027525927; 24.229515947622
470.30; 0.025825906; 24.255805605236
471.31; 0.024279524; 24.280521112599
472.33; 0.022889746; 24.303821886035
473.35; 0.02167466; 24.325885754689
474.37; 0.020655076; 24.346911730786
475.39; 0.019841318; 24.367109336052
476.40; 0.01922421; 24.386678752388
477.42; 0.018773196; 24.40578905561
478.44; 0.018441816; 24.424562028777
479.46; 0.01817839; 24.443066845281
480.48; 0.017938287; 24.461327247264
481.49; 0.017693992; 24.479338967262
482.51; 0.017440035; 24.497092170592
483.53; 0.017191496; 24.514592371945
484.55; 0.01697663; 24.531873848505
485.57; 0.016825806; 24.549001793031
486.58; 0.016759935; 24.566062684087
487.60; 0.01678168; 24.583145710195
488.62; 0.016871966; 24.600320643585
489.64; 0.01699281; 24.617618591211
490.66; 0.017095673; 24.635021249033
491.67; 0.017132981; 24.652461884571
492.69; 0.017069603; 24.669838004117
493.71; 0.016891213; 24.687032530313
494.73; 0.016607513; 24.70393826167
495.74; 0.016249889; 24.720479947754
496.76; 0.015864623; 24.736629449105
497.78; 0.015503737; 24.752411584448
498.80; 0.015215749; 24.767900560312
499.82; 0.015038; 24.783208595754
500.83; 0.014991372; 24.798469165571
501.85; 0.015077438; 24.81381734662
502.87; 0.015277856; 24.829369545098
503.89; 0.015556003; 24.845204885106
504.91; 0.0158612; 24.861350902693
505.92; 0.016135955; 24.877776608997
506.94; 0.016326062; 24.894395835118
507.96; 0.016392275; 24.911082463901
508.98; 0.01632101; 24.927696548147
510.00; 0.016130743; 24.94411694796
511.01; 0.015871178; 24.960273122765
512.03; 0.015613903; 24.976167402004
513.05; 0.015435781; 24.9918803614
514.07; 0.015399024; 25.007555903752
515.09; 0.015533466; 25.023368301805
516.10; 0.015826551; 25.03947904773
517.12; 0.016224557; 25.055994946949
518.14; 0.016645288; 25.07293913143
519.16; 0.016998914; 25.090243291982
520.18; 0.017211079; 25.107763428115
521.19; 0.017241658; 25.125314692088
522.21; 0.017093966; 25.142715612057
523.23; 0.016812255; 25.159829761751
524.25; 0.016468892; 25.176594382818
525.27; 0.016145614; 25.193029921322
526.28; 0.015914626; 25.209230324325
527.30; 0.015824817; 25.225339305483
528.32; 0.015896236; 25.241520987625
529.34; 0.016123046; 25.257933553178
530.36; 0.01648248; 25.274712006632
531.37; 0.016945696; 25.291961993822
532.39; 0.017486411; 25.309762406088
533.41; 0.018084555; 25.328171702909
534.43; 0.018724468; 25.347232402989
535.45; 0.019389463; 25.366970039844
536.46; 0.02005604; 25.387386222816
537.48; 0.020691147; 25.408448917802
538.50; 0.02125467; 25.430085254538
539.52; 0.021707108; 25.452182153632
540.54; 0.0220202; 25.474597766556
541.55; 0.022186785; 25.497182956403
542.57; 0.02222618; 25.519808248609
543.59; 0.022182764; 25.542389345182
544.61; 0.02211787; 25.564904382744
545.62; 0.022097453; 25.587398636067
546.64; 0.022179449; 25.609976358057
547.66; 0.022404667; 25.63278334194
548.68; 0.022793448; 25.655986088843
549.70; 0.023348021; 25.679753366926
550.71; 0.024058331; 25.704243709866
551.73; 0.024908214; 25.729599197131
552.75; 0.025879317; 25.755943225286
553.77; 0.026951897; 25.783379093151
554.79; 0.028103596; 25.811987341247
555.80; 0.029308517; 25.841822147313
556.82; 0.030538787; 25.872909315177
557.84; 0.031769446; 25.905249240339
558.86; 0.03298563; 25.938827188345
559.88; 0.034189658; 25.973630784496
560.89; 0.035405444; 26.009671998662
561.91; 0.036678724; 26.047009356787
562.93; 0.038073165; 26.085766196015
563.95; 0.039663683; 26.12614211363
564.97; 0.041528438; 26.168416271765
565.98; 0.043740179; 26.212941886559
567.00; 0.046356515; 26.260130818521
568.02; 0.049408489; 26.310426527746
569.04; 0.05288801; 26.364264239213
570.06; 0.056737048; 26.422020105333
571.07; 0.060843561; 26.483956224708
572.09; 0.065049312; 26.550173617245
573.11; 0.069171902; 26.620587628265
574.13; 0.073037991; 26.694937151018
575.15; 0.076518894; 26.772830082936
576.16; 0.079556527; 26.853815194212
577.18; 0.082169488; 26.93746018736
578.20; 0.084436224; 27.023412619984
579.22; 0.086462341; 27.11142755262
580.24; 0.088347683; 27.201361682007
581.25; 0.090171101; 27.293151972174
582.27; 0.092004465; 27.386808547144
583.29; 0.093953859; 27.482449521412
584.31; 0.096210563; 27.58038772271
585.33; 0.099084679; 27.681251650634
586.34; 0.10299626; 27.786097396412
587.36; 0.10841378; 27.896457947776
588.38; 0.11575334; 28.0142898487
589.40; 0.12527394; 28.141813312839
590.41; 0.13701471; 28.281288376543
591.43; 0.15081068; 28.434807141572
592.45; 0.16639669; 28.604191789185
593.47; 0.18357207; 28.791060231699
594.49; 0.20236718; 28.997061289551
595.50; 0.22314097; 29.224209166976
596.52; 0.24655436; 29.475190865425
597.54; 0.27340494; 29.753505294949
598.56; 0.30436009; 30.063330732028
599.58; 0.33966934; 30.409099467485
600.59; 0.37895381; 30.79485809231
601.61; 0.42115213; 31.223572788557
602.63; 0.46465309; 31.696569580509
603.65; 0.50758113; 32.213265271056
604.67; 0.54814672; 32.77125497783
605.68; 0.58494846; 33.366707271192
606.70; 0.61712979; 33.99491876516
607.72; 0.64434357; 34.650832717693
608.74; 0.66654669; 35.329348485153
609.76; 0.68370742; 36.025333135083
610.77; 0.6955404; 36.733363252476
611.79; 0.70137483; 37.447332562794
612.81; 0.70021531; 38.160121528329
613.83; 0.69098802; 38.863517513511
614.85; 0.67290049; 39.548501172768
615.86; 0.6458033; 40.205901063917
616.88; 0.61043882; 40.827301444889
617.90; 0.56849487; 41.406004689082
618.92; 0.5224383; 41.937824335478
619.94; 0.47516602; 42.4215228396
620.95; 0.42955933; 42.858795703827
621.97; 0.38804978; 43.253813632542
622.99; 0.35229572; 43.612435470895
624.01; 0.32303485; 43.941271009835
625.03; 0.30012971; 44.246790101459
626.04; 0.28277501; 44.534642858927
627.06; 0.26979977; 44.809287379515
628.08; 0.25998092; 45.07393674051
629.10; 0.25229142; 45.330758519969
630.12; 0.2460306; 45.581207053532
631.13; 0.24082131; 45.826352759536
632.15; 0.23649639; 46.067095877738
633.17; 0.23292693; 46.304205439603
634.19; 0.2298588; 46.5381917794
635.21; 0.22681748; 46.769082191261
636.22; 0.2231173; 46.996205977281
637.24; 0.21797573; 47.218095862754
638.26; 0.21069792; 47.432577254378
639.28; 0.20087198; 47.63705625869
640.29; 0.18850998; 47.828951278928
641.31; 0.17408577; 48.006163079352
642.33; 0.15845273; 48.167461116154
643.35; 0.14266264; 48.312685522854
644.37; 0.12773796; 48.442717254449
645.38; 0.11446315; 48.559235806687
646.40; 0.10325264; 48.664342538186
647.42; 0.094126494; 48.760159247597
648.44; 0.086789752; 48.848507470412
649.46; 0.080779709; 48.930737728635
650.47; 0.075628354; 49.007724129082
651.49; 0.070988788; 49.079987651886
652.51; 0.066693083; 49.147878331958
653.53; 0.062736387; 49.211741266677
654.55; 0.059207819; 49.272012271245
655.56; 0.056203794; 49.329225308576
656.58; 0.053759924; 49.383950591608
657.60; 0.051825022; 49.436706227739
658.62; 0.050281392; 49.487890515515
659.64; 0.048997327; 49.537767680328
660.65; 0.047887172; 49.586514755093
661.67; 0.046954266; 49.634312171401
662.69; 0.046301094; 49.681444687197
663.71; 0.046104589; 49.728377169568
664.73; 0.046567092; 49.775780459555
665.74; 0.047860735; 49.82450062258
666.76; 0.050083136; 49.875483094032
667.78; 0.053236333; 49.929675384175
668.80; 0.057231875; 49.987934963661
669.82; 0.061916365; 50.050963151145
670.83; 0.067106338; 50.119274507124
671.85; 0.07262033; 50.19319886945
672.87; 0.078298919; 50.272903790109
673.89; 0.084008879; 50.358421203973
674.91; 0.089633365; 50.449664101745
675.92; 0.095054436; 50.546425416152
676.94; 0.10013621; 50.648359757624
677.96; 0.10471612; 50.75495625328
678.98; 0.10860872; 50.86551524041
680.00; 0.11162209; 50.979141709533
681.01; 0.11358302; 51.094764317948
682.03; 0.114364; 51.211181933293
683.05; 0.11390498; 51.327132292037
684.07; 0.11222436; 51.441371844572
685.08; 0.10941723; 51.552753862696
686.10; 0.10564287; 51.660293746648
687.12; 0.10110581; 51.76321509913
688.14; 0.096035884; 51.860975485216
689.16; 0.090671101; 51.953274753132
690.17; 0.085244621; 52.04005009848
691.19; 0.079974669; 52.121460860637
692.21; 0.075055137; 52.197863751137
693.23; 0.070645396; 52.269777715832
694.25; 0.066859938; 52.337838247927
695.26; 0.063760502; 52.402743687893
696.28; 0.061354057; 52.465199469998
697.30; 0.059598675; 52.525868349819
698.32; 0.058416512; 52.585333838536
699.34; 0.057710217; 52.644080349376
700.35; 0.057377935; 52.70248861087
701.37; 0.057323368; 52.760841325481
702.39; 0.057460788; 52.819333928046
703.41; 0.057718448; 52.878088816975
704.43; 0.058045311; 52.937176438368
705.44; 0.058423917; 52.996649464984
706.46; 0.058886946; 53.056593834692
707.48; 0.059529128; 53.117191918114
708.50; 0.060503127; 53.178781490432
709.52; 0.061990645; 53.241885291919
710.53; 0.064148794; 53.307185996178
711.55; 0.067043858; 53.375433750314
712.57; 0.070594773; 53.447296182842
713.59; 0.074551482; 53.523186374348
714.61; 0.078525631; 53.60312207865
715.62; 0.082074181; 53.686670053148
716.64; 0.084816028; 53.773009109856
717.66; 0.086546009; 53.861109212094
718.68; 0.087306885; 53.949983853836
719.70; 0.087391253; 54.038944378209
720.71; 0.087268514; 54.127779959448
721.73; 0.087458769; 54.216809212239
722.75; 0.088395058; 54.306791567368
723.77; 0.090319621; 54.398733044277
724.79; 0.093246551; 54.493654009716
725.80; 0.0969975; 54.592393279328
726.82; 0.10128939; 54.695501507218
727.84; 0.10583495; 54.803236921135
728.86; 0.1104158; 54.91563544275
729.88; 0.11490382; 55.032602577786
730.89; 0.1192325; 55.15397611844
731.91; 0.12334363; 55.279534612686
732.93; 0.12714576; 55.408963507566
733.95; 0.13051329; 55.541820406936
734.96; 0.13333308; 55.677547725856
735.98; 0.13557802; 55.815560302696
737.00; 0.13736848; 55.955395487084
738.02; 0.13898091; 56.096872060638
739.04; 0.14078238; 56.240182443782
740.05; 0.14310132; 56.385853410095
741.07; 0.14607741; 56.534553908877
742.09; 0.1495507; 56.686790068174
743.11; 0.15304491; 56.842583183323
744.13; 0.15587051; 57.00125264037
745.14; 0.15733033; 57.161408128306
746.16; 0.15696913; 57.321195925675
747.18; 0.15478502; 57.478760396479
748.20; 0.15132446; 57.632802166842
749.22; 0.14761431; 57.783067161795
750.23; 0.14493461; 57.930604336608
751.25; 0.1444877; 58.077686575407
752.27; 0.14705608; 58.227383314287
753.29; 0.15275052; 58.382876756328
754.31; 0.16092769; 58.546694200055
755.32; 0.17030915; 58.720061561376
756.34; 0.1792758; 58.902556591391
757.36; 0.18626012; 59.092161359633
758.38; 0.19012938; 59.285704861829
759.40; 0.19045491; 59.479579740023
760.41; 0.18759493; 59.670543279782
761.43; 0.18257182; 59.856393512014
762.45; 0.17678356; 60.036351542515
763.47; 0.17163479; 60.211068349654
764.49; 0.16819274; 60.382281304534
765.50; 0.16696052; 60.552239911521
766.52; 0.16782031; 60.723073742662
767.54; 0.17014501; 60.896274019586
768.56; 0.17302691; 61.072407946602
769.58; 0.17554246; 61.251102590948
770.59; 0.1769723; 61.431252758311
771.61; 0.17692312; 61.611352857659
772.63; 0.1753404; 61.789841821889
773.65; 0.17244219; 61.965380528989
774.67; 0.16862583; 62.137034346741
775.68; 0.16439646; 62.304382850523
776.70; 0.16033943; 62.467601473434
777.72; 0.1571237; 62.627546615428
778.74; 0.15549645; 62.785835292654
779.75; 0.15622505; 62.944865653341
780.77; 0.15996421; 63.107702315431
781.79; 0.16706609; 63.277768383523
782.81; 0.1773903; 63.458344056319
783.83; 0.19019102; 63.651950308061
784.84; 0.2041472; 63.859763350102
785.86; 0.21756052; 64.081230568536
786.88; 0.22868798; 64.314025065547
787.90; 0.23612488; 64.554390004274
788.92; 0.23912907; 64.797813078935
789.93; 0.23779089; 65.039873940551
790.95; 0.23299966; 65.277057539859
791.97; 0.22622104; 65.507340793649
792.99; 0.21915554; 65.730431677376
794.01; 0.21337823; 65.94764150817
795.02; 0.21005342; 66.161466824125
796.04; 0.20978275; 66.375016613765
797.06; 0.21259607; 66.591430237374
798.08; 0.21805209; 66.813397857314
799.10; 0.22539474; 67.042839977282
800.11; 0.23371423; 67.280750980289
801.13; 0.24208299; 67.527181013991
802.15; 0.24966067; 67.781324800646
803.17; 0.25577757; 68.041695330881
804.19; 0.26000508; 68.306369281872
805.20; 0.26220949; 68.573287228472
806.22; 0.26257145; 68.840573632374
807.24; 0.26154881; 69.106819039671
808.26; 0.25977214; 69.371255864273
809.28; 0.25788606; 69.633772743533
810.29; 0.25637663; 69.894753090557
811.31; 0.2554398; 70.154779779206
812.33; 0.25494088; 70.414298589852
813.35; 0.25448747; 70.673355851374
814.37; 0.25359787; 70.9315075348
815.38; 0.25190958; 71.187940618417
816.40; 0.24935329; 71.441771505834
817.42; 0.24622553; 71.692418469381
818.44; 0.24312742; 71.939911693521
819.46; 0.24078418; 72.185019594366
820.47; 0.23980418; 72.429129902978
821.49; 0.24046022; 72.673908029804
822.51; 0.24257003; 72.920833855229
823.53; 0.24552085; 73.170763488514
824.55; 0.24843413; 73.423658712577
825.56; 0.25041965; 73.678575113863
826.58; 0.25083868; 73.933918067982
827.60; 0.24949328; 74.187891457178
828.62; 0.24668391; 74.439005032358
829.63; 0.24312062; 74.686491331244
830.65; 0.23971973; 74.930515667339
831.67; 0.23735317; 75.172130955909
832.69; 0.2366299; 75.413009985733
833.71; 0.23777522; 75.65505490124
834.72; 0.24064018; 75.900016218024
835.74; 0.24483006; 76.149242654971
836.76; 0.2499037; 76.403633833056
837.78; 0.25557488; 76.663798037218
838.80; 0.2618503; 76.930350347299
839.81; 0.26906225; 77.204244104277
840.83; 0.27779095; 77.487023308833
841.85; 0.28870694; 77.780914516298
842.87; 0.30238672; 78.088731153697
843.89; 0.31915857; 78.413620802406
844.90; 0.33901861; 78.758727113414
845.92; 0.36162965; 79.126850492634
846.94; 0.38638623; 79.520174999228
847.96; 0.41251113; 79.940093529357
848.98; 0.43914657; 80.387125790301
849.99; 0.46541586; 80.860899055679
851.01; 0.4904519; 81.360157924032
852.03; 0.51340661; 81.882783697804
853.05; 0.53346271; 82.425825717137
854.07; 0.54986314; 82.985562664754
855.08; 0.5619587; 83.55761236756
856.10; 0.56925911; 84.137093573174
857.12; 0.57146577; 84.71882107198
858.14; 0.56847035; 85.297499360813
859.16; 0.56031954; 85.867880469184
860.17; 0.54716517; 86.424871000202
861.19; 0.5292297; 86.963603995825
862.21; 0.50681309; 87.479517851082
863.23; 0.48034852; 87.968491912044
864.25; 0.45048759; 88.427068843818
865.26; 0.41817388; 88.85275181269
866.28; 0.38465689; 89.244315932888
867.30; 0.3514133; 89.602039504817
868.32; 0.31997349; 89.927758708916
869.34; 0.29168864; 90.224685159244
870.35; 0.26750085; 90.496989479639
871.37; 0.24778531; 90.749224234447
872.39; 0.23231493; 90.985710805146
873.41; 0.22036039; 91.210028177889
874.42; 0.2108968; 91.424712016803
875.44; 0.20285589; 91.631210560199
876.46; 0.19535335; 91.830071844171
877.48; 0.18783435; 92.021279104494
878.50; 0.18011227; 92.204625622813
879.51; 0.17231162; 92.38003141539
880.53; 0.16475314; 92.547743004094
881.55; 0.15782906; 92.70840617233
882.57; 0.15190719; 92.863041137459
883.59; 0.14728152; 93.012967370181
884.60; 0.14416313; 93.15971921933
885.62; 0.14268985; 93.304971332141
886.64; 0.14292994; 93.450467846227
887.66; 0.14486493; 93.59793409461
888.68; 0.14835294; 93.748950984285
889.69; 0.1530892; 93.904789181055
890.71; 0.15858794; 94.066224857964
891.73; 0.16420653; 94.233380024508
892.75; 0.16922; 94.405638686633
893.77; 0.17293643; 94.58168050927
894.78; 0.17482797; 94.759647840248
895.80; 0.17464321; 94.937427091794
896.82; 0.17246786; 95.112991929084
897.84; 0.16871238; 95.284733853631
898.86; 0.16402376; 95.451702961451
899.87; 0.15913953; 95.613700132153
900.89; 0.15471951; 95.771197916927
901.91; 0.1511989; 95.925111873622
902.93; 0.14870269; 96.076484792936
903.95; 0.14704574; 96.226171006821
904.96; 0.14581893; 96.374608381891
905.98; 0.14453631; 96.521740109039
907.00; 0.14279917; 96.667103503634
908.02; 0.14042685; 96.810051973855
909.04; 0.13751395; 96.950035245422
910.05; 0.13439698; 97.086845570936
911.07; 0.13154265; 97.220750310263
912.09; 0.12939629; 97.352470146991
913.11; 0.12824131; 97.483014271717
914.13; 0.1281164; 97.613431236667
915.14; 0.12881619; 97.744560561219
916.16; 0.12997238; 97.876866833493
917.18; 0.13118463; 98.010407121863
918.20; 0.13215578; 98.144935998686
919.22; 0.13278712; 98.280107554348
920.23; 0.13320656; 98.415706079252
921.25; 0.13372742; 98.551834824187
922.27; 0.13475881; 98.689013474225
923.29; 0.13670088; 98.828169074971
924.30; 0.1398573; 98.970537775558
925.32; 0.14438352; 99.117513973492
926.34; 0.15027213; 99.27048451623
927.36; 0.15736207; 99.430672316072
928.38; 0.16535434; 99.598995895786
929.39; 0.17382261; 99.775939816082
930.41; 0.18222026; 99.961432173501
931.43; 0.18989644; 100.1547385541
932.45; 0.19613862; 100.35439920877
933.47; 0.20025171; 100.55824680579
934.48; 0.2016689; 100.76353704373
935.50; 0.20007168; 100.96720138322
936.52; 0.19548443; 101.16619609918
937.54; 0.18830939; 101.35788693641
938.56; 0.17928126; 101.54038752212
939.57; 0.16934354; 101.71277193591
940.59; 0.15947336; 101.87510893674
941.61; 0.15049839; 102.02830980819
942.63; 0.14295298; 102.17382977762
943.65; 0.13700932; 102.31329935101
944.66; 0.13249706; 102.44817564394
945.68; 0.12899958; 102.57949165273
946.70; 0.12599457; 102.70774869201
947.72; 0.12299802; 102.83295537286
948.74; 0.11967441; 102.9547787606
949.75; 0.11589045; 103.07275023672
950.77; 0.11170857; 103.18646474023
951.79; 0.10733344; 103.29572555326
952.81; 0.10303501; 103.40061074499
953.83; 0.099073199; 103.50146298598
954.84; 0.095643644; 103.5988240886
955.86; 0.092853594; 103.69334504054
956.88; 0.090726896; 103.78570110576
957.90; 0.089229113; 103.87653249277
958.92; 0.088300292; 103.96641837928
959.93; 0.087883451; 104.05587994038
960.95; 0.087940487; 104.14539956086
961.97; 0.088452348; 104.23544023413
962.99; 0.089405756; 104.32645143542
964.01; 0.090773045; 104.41885447867
965.02; 0.092494136; 104.51300951796
966.04; 0.094469328; 104.60917521745
967.06; 0.096568448; 104.70747773082
968.08; 0.098656308; 104.80790559486
969.09; 0.10062801; 104.91034056733
970.11; 0.1024426; 105.01462271255
971.13; 0.10414207; 105.12063485012
972.15; 0.10584632; 105.22838184068
973.17; 0.10772237; 105.33803856746
974.18; 0.10993612; 105.44994878881
975.20; 0.11260253; 105.56457330454
976.22; 0.1157526; 105.68240445259
977.24; 0.1193302; 105.80387744269
978.26; 0.12322122; 105.92931132943
979.27; 0.12730425; 106.05890156417
980.29; 0.13150263; 106.19276556748
981.31; 0.13581626; 106.3310206546
982.33; 0.14031895; 106.47385929016
983.35; 0.14512147; 106.62158668058
984.36; 0.15031498; 106.77460084109
985.38; 0.15591888; 106.93331953281
986.40; 0.16185552; 107.09808146938
987.42; 0.16796304; 107.26906059199
988.44; 0.17404062; 107.44622643477
989.45; 0.17990572; 107.62936269156
990.47; 0.18543664; 107.81812919178
991.49; 0.19058057; 108.01213198821
992.51; 0.19532283; 108.2109622028
993.53; 0.19963258; 108.41417955723
994.54; 0.20341288; 108.62124509638
995.56; 0.20648393; 108.83143682305
996.58; 0.20861509; 109.04379798047
997.60; 0.20960014; 109.25716188049
998.62; 0.20934909; 109.4702702215
999.63; 0.20795955; 109.68196407229
1000.65; 0.20573537; 109.89139380451
1001.67; 0.20313902; 110.09818056585
1002.69; 0.20068971; 110.3024740273
1003.71; 0.1988404; 110.50488497447
1004.72; 0.19787539; 110.70631358533
1005.74; 0.19786166; 110.90772821232
1006.76; 0.19866649; 111.10996212547
1007.78; 0.20002906; 111.31358307973
1008.80; 0.20165519; 111.51885935652
1009.81; 0.20329994; 111.72580992742
1010.83; 0.20481261; 111.93430032591
1011.85; 0.20613699; 112.14413888923
1012.87; 0.20727933; 112.35514030324
1013.89; 0.20826638; 112.56714649431
1014.90; 0.2091151; 112.78001664004
1015.92; 0.20982395; 112.99360836711
1016.94; 0.21038166; 113.20776782217
1017.96; 0.2107791; 113.42233184544
1018.97; 0.21100962; 113.63713052842
1019.99; 0.21105196; 113.8519723166
1021.01; 0.21084228; 114.06660066105
1022.03; 0.21025171; 114.28062783198
1023.05; 0.20908666; 114.49346902477
1024.06; 0.20712015; 114.70430839863
1025.08; 0.20414816; 114.9121224145
1026.10; 0.2000516; 115.11576630825
1027.12; 0.19484006; 115.31410508108
1028.14; 0.18865941; 115.50615221531
1029.15; 0.18175999; 115.69117604577
1030.17; 0.17443867; 115.86874708206
1031.19; 0.16697801; 116.03872349451
1032.21; 0.15960587; 116.20119538219
1033.23; 0.15248705; 116.35642061906
1034.24; 0.14574314; 116.5047808501
1035.26; 0.13948294; 116.64676846453
1036.28; 0.13382213; 116.78299362238
1037.30; 0.12887823; 116.91418609879
1038.32; 0.12474146; 117.04116751872
1039.33; 0.12143733; 117.16478548082
1040.35; 0.11890364; 117.28582425133
1041.37; 0.11699993; 117.4049251362
1042.39; 0.1155529; 117.52255300606
1043.41; 0.11442269; 117.63903036476
1044.42; 0.11356276; 117.75463235515
1045.44; 0.11304514; 117.86970742916
1046.46; 0.11303534; 117.98477252852
1047.48; 0.11372232; 118.10053694035
1048.50; 0.1152287; 118.21783478922
1049.51; 0.11753716; 118.33748254108
1050.53; 0.12046434; 118.46011004434
1051.55; 0.12369678; 118.58602803075
1052.57; 0.12687898; 118.7151853557
1053.59; 0.12972433; 118.84723912221
1054.60; 0.13211053; 118.98172193931
1055.62; 0.1341273; 119.11825774534
1056.64; 0.13606164; 119.2567626249
1057.66; 0.13832743; 119.39757398021
1058.68; 0.14136333; 119.5414757476
1059.69; 0.14552958; 119.68961858273
1060.71; 0.15102995; 119.84336055709
1061.73; 0.15787273; 120.00406817959
1062.75; 0.16587136; 120.17291807042
1063.76; 0.17467595; 120.3507306484
1064.78; 0.18382401; 120.53785555865
1065.80; 0.19280204; 120.73411971792
1066.82; 0.2011132; 120.93884427234
1067.84; 0.20834828; 121.15093383216
1068.85; 0.21425445; 121.36903561419
1069.87; 0.2187902; 121.5917545927
1070.89; 0.22215072; 121.81789444029
1071.91; 0.2247481; 122.04667830481
1072.93; 0.22713897; 122.27789597874
1073.94; 0.22990677; 122.51193114624
1074.96; 0.23352139; 122.74964584563
1075.98; 0.23821117; 122.99213454081
1077.00; 0.24388362; 123.24039754498
1078.02; 0.25012239; 123.49501134006
1079.03; 0.256269; 123.75588212791
1080.05; 0.2615756; 124.02215480391
1081.07; 0.26539491; 124.29231537001
1082.09; 0.26736295; 124.56447931245
1083.11; 0.26753003; 124.83681333442
1084.12; 0.26640709; 125.10800425592
1085.14; 0.26491343; 125.37767469729
1086.16; 0.2642337; 125.6466532024
1087.18; 0.26561171; 125.91703446093
1088.20; 0.27012185; 126.19200684807
1089.21; 0.27846352; 126.47547069129
1090.23; 0.29081905; 126.77151193425
1091.25; 0.30680269; 127.08382383016
1092.27; 0.32550949; 127.41517844049
1093.29; 0.34565328; 127.76703856723
1094.30; 0.36576575; 128.13937231611
1095.32; 0.38441838; 128.53069363436
1096.34; 0.4004278; 128.93831185937
1097.36; 0.41301194; 129.35874019693
1098.38; 0.42187727; 129.78819305714
1099.39; 0.42723232; 130.22309711859
1100.41; 0.42973483; 130.66054862777
1101.43; 0.43038796; 131.09866499595
1102.45; 0.43040347; 131.53679715145
1103.47; 0.43104939; 131.97558683135
1104.48; 0.43349773; 132.41686881477
1105.50; 0.43868613; 132.86343236922
1106.52; 0.44720663; 133.31866942106
1107.54; 0.45923285; 133.78614864264
1108.56; 0.47449401; 134.26916307161
1109.57; 0.49229902; 134.77030223278
1110.59; 0.5116085; 135.29109760806
1111.61; 0.53114907; 135.8317844405
1112.63; 0.54956343; 136.39121629778
1113.64; 0.56559099; 136.96696351456
1114.66; 0.57827343; 137.55562091127
1115.68; 0.58717323; 138.15333792331
1116.70; 0.59257843; 138.75655719873
1117.72; 0.59564752; 139.36290067555
1118.73; 0.59843252; 139.9720791581
1119.75; 0.60371907; 140.58663911568
1120.77; 0.61464951; 141.21232579437
1121.79; 0.63415001; 141.85786313842
1122.81; 0.66425404; 142.53404508435
1123.82; 0.70547903; 143.25219229663
1124.84; 0.75644184; 144.02221745177
1125.86; 0.81387081; 144.85070281806
1126.88; 0.87308343; 145.73946407656
1127.90; 0.92886802; 146.68501164102
1128.91; 0.97657486; 147.6791227099
1129.93; 1.0131339; 148.710449319
1130.95; 1.0377098; 149.76679309021
1131.97; 1.0517915; 150.83747140306
1132.99; 1.058674; 151.91515583725
1134.00; 1.0624707; 152.9967051903
1135.02; 1.0669394; 154.08280342949
1136.04; 1.0744603; 155.17655769677
1137.06; 1.0854533; 156.28150230666
1138.08; 1.0983736; 157.39959920024
1139.09; 1.1102466; 158.52978231299
1140.11; 1.1175369; 159.66738661317
1141.13; 1.1170651; 160.8045106998
1142.15; 1.106704; 161.93108759871
1143.17; 1.0856873; 163.03627043825
1144.18; 1.0545152; 164.10972137378
1145.20; 1.0145694; 165.14250924256
1146.22; 0.96762792; 166.12751270513
1147.24; 0.9154591; 167.05941056427
1148.26; 0.85960631; 167.93445269893
1149.27; 0.80137203; 168.75021484335
1150.29; 0.74192685; 169.50546435883
1151.31; 0.68243224; 170.20015093139
1152.33; 0.62408525; 170.83544278346
1153.35; 0.56805228; 171.41369549565
1154.36; 0.51532541; 171.93827452151
1155.38; 0.46657675; 172.41322951769
1156.40; 0.42208773; 172.84289661423
1157.42; 0.38179247; 173.23154487121
1158.43; 0.34541988; 173.58316740571
1159.45; 0.31267351; 173.9014555484
1160.47; 0.28337256; 174.18991659105
1161.49; 0.25749809; 174.45203853574
1162.51; 0.23513293; 174.69139371108
1163.52; 0.21633176; 174.91161010488
1164.54; 0.20098654; 175.11620573125
1165.56; 0.18875115; 175.30834626051
1166.58; 0.17905954; 175.4906211481
1167.60; 0.1712295; 175.66492538613
1168.61; 0.16460817; 175.83248939792
1169.63; 0.1587013; 175.99404047228
1170.65; 0.15323963; 176.15003180293
1171.67; 0.14816593; 176.30085832644
1172.69; 0.14355947; 176.44699567577
1173.70; 0.13953678; 176.58903809611
1174.72; 0.13616994; 176.72765321783
1175.74; 0.13344832; 176.86349785196
1176.76; 0.13128556; 176.997140882
1177.78; 0.1295535; 177.12902075118
1178.79; 0.12811759; 177.25943893013
1179.81; 0.1268549; 177.38857174437
1180.83; 0.12565188; 177.51647993959
1181.85; 0.12439393; 177.64310758768
1182.87; 0.12296454; 177.76828017856
1183.88; 0.12126607; 177.89172380683
1184.90; 0.11925942; 178.01312474855
1185.92; 0.11700537; 178.13223116395
1186.94; 0.1146838; 178.24897432286
1187.96; 0.11257238; 178.3635681491
1188.97; 0.11098258; 178.47654362311
1189.99; 0.11017008; 178.58869201392
1191.01; 0.11025048; 178.70092224397
1192.03; 0.11115224; 178.81407042485
1193.05; 0.1126272; 178.92872005908
1194.06; 0.11431788; 179.04509073279
1195.08; 0.1158599; 179.1630311072
1196.10; 0.11698523; 179.28211701969
1197.12; 0.11759221; 179.40182081023
1198.14; 0.11776082; 179.52169624762
1199.15; 0.11771175; 179.64152172469
1200.17; 0.1177262; 179.76136191335
1201.19; 0.11805531; 179.88153712728
1202.21; 0.11884798; 180.00251924655
1203.22; 0.12011717; 180.12479333983
1204.24; 0.1217501; 180.24872969148
1205.26; 0.12355376; 180.37450209028
1206.28; 0.12531745; 180.50206984871
1207.30; 0.12687204; 180.63122011092
1208.31; 0.12812918; 180.76165008211
1209.33; 0.1290919; 180.89306006918
1210.35; 0.12983739; 181.02522893364
1211.37; 0.13048047; 181.15805241956
1212.39; 0.13113162; 181.29153874959
1213.40; 0.13186422; 181.42577083444
1214.42; 0.13270241; 181.56085615673
1215.44; 0.13363438; 181.69689018833
1216.46; 0.13464693; 181.83395495647
1217.48; 0.13576856; 181.97216149185
1218.49; 0.13710338; 182.11172681531
1219.51; 0.13883891; 182.25305882947
1220.53; 0.1412181; 182.39681275943
1221.55; 0.1444785; 182.54388564198
1222.57; 0.14877445; 182.69533161677
1223.58; 0.1541071; 182.85220599831
1224.60; 0.16028744; 183.01537169351
1225.62; 0.16694821; 183.18531776882
1226.64; 0.17360484; 183.36204000903
1227.66; 0.17974854; 183.54501626241
1228.67; 0.18494381; 183.73328108001
1229.69; 0.1889019; 183.92557506518
1230.71; 0.19151122; 184.12052522439
1231.73; 0.19282232; 184.31681002626
1232.75; 0.19300074; 184.5132764462
1233.76; 0.19226998; 184.70899898711
1234.78; 0.19086584; 184.90329217488
1235.80; 0.18901316; 185.09569941384
1236.82; 0.18692288; 185.2859788438
1237.84; 0.184797; 185.47409421616
1238.85; 0.1828267; 185.66020390642
1239.87; 0.18117553; 185.844632776
1240.89; 0.17995059; 186.02781471266
1241.91; 0.17917498; 186.2102071125
1242.93; 0.17877811; 186.39219551488
1243.94; 0.17861519; 186.57401807552
1244.96; 0.17851523; 186.75573887878
1245.98; 0.17834386; 186.93728523732
1247.00; 0.17805977; 187.11854239922
1248.02; 0.17774454; 187.29947866774
1249.03; 0.17759594; 187.48026367091
1250.05; 0.17788881; 187.66134679949
1251.07; 0.17891999; 187.84347962431
1252.09; 0.18095881; 188.027687881
1253.10; 0.18421986; 188.21521575305
1254.12; 0.18886313; 188.40747026501
1255.14; 0.19501257; 188.60598464691
1256.16; 0.20277508; 188.81240092437
1257.18; 0.21224056; 189.02845265922
1258.19; 0.22345333; 189.25591850357
1259.21; 0.23635979; 189.49652257453
1260.23; 0.25075356; 189.75177887946
1261.25; 0.26624752; 190.02280736644
1262.27; 0.28230008; 190.31017666842
1263.28; 0.29830675; 190.6138400718
1264.30; 0.31374344; 190.93321735059
1265.32; 0.32832199; 191.26743497378
1266.34; 0.3421026; 191.61568065346
1267.36; 0.35550995; 191.9775744392
1268.37; 0.36922601; 192.35343058055
1269.39; 0.3839748; 192.74430035291
1270.41; 0.40026252; 193.15175032193
1271.43; 0.41816874; 193.57742805728
1272.45; 0.4372847; 194.02256501378
1273.46; 0.4568541; 194.4876227778
1274.48; 0.47609844; 194.97227044084
1275.50; 0.49462591; 195.47577827354
1276.52; 0.51276542; 195.99775134385
1277.54; 0.53166455; 196.53896291751
1278.55; 0.55305768; 197.10195177511
1279.57; 0.57873231; 197.69107629395
1280.59; 0.60985863; 198.31188606045
1281.61; 0.64644323; 198.96993737166
1282.63; 0.68717446; 199.66945132053
1283.64; 0.7298247; 200.41238137244
1284.66; 0.77218617; 201.19843357411
1285.68; 0.8133039; 202.02634184713
1286.70; 0.85461246; 202.89630045685
1287.72; 0.90055135; 203.81302287305
1288.73; 0.95835365; 204.78858553164
1289.75; 1.036945; 205.84415074542
1290.77; 1.1451738; 207.00988830619
1291.79; 1.2898207; 208.3228701121
1292.81; 1.473914; 209.82325098363
1293.82; 1.6957912; 211.54949329238
1294.84; 1.9491058; 213.533598869
1295.86; 2.2236941; 215.79722348437
1296.88; 2.5069791; 218.34922006099
1297.89; 2.7854856; 221.18472421742
1298.91; 3.0461017; 224.28552426067
1299.93; 3.2769047; 227.62127182012
1300.95; 3.4675867; 231.1511254561
1301.97; 3.6096733; 234.82561710925
1302.98; 3.6967656; 238.58876497372
1304.00; 3.7249425; 242.38059566803
1305.02; 3.6932909; 246.14020647667
1306.04; 3.604375; 249.80930466778
1307.06; 3.464381; 253.33589506828
1308.07; 3.2827337; 256.67757634285
1309.09; 3.0711332; 259.8038574621
1310.11; 2.8421638; 262.6970575727
1311.13; 2.607775; 265.35165997409
1312.15; 2.3779853; 267.77234642979
1313.16; 2.1600835; 269.97121818894
1314.18; 1.9584413; 271.96482691261
1315.20; 1.7748741; 273.77157217724
1316.22; 1.6093502; 275.40982124638
1317.24; 1.4608081; 276.89686082083
1318.25; 1.3278819; 278.24858729809
1319.27; 1.2094273; 279.47973214165
1320.29; 1.1048304; 280.60440181818
1321.31; 1.0141358; 281.63674828881
1322.33; 0.93803497; 282.59162740621
1323.34; 0.87773062; 283.48511930049
1324.36; 0.83467347; 284.33478087296
1325.38; 0.81017687; 285.15950596191
1326.40; 0.80495635; 285.97891678976
1327.42; 0.81869411; 286.8123120658
1328.43; 0.84975796; 287.67732899874
1329.45; 0.89518396; 288.58858763972
1330.47; 0.95095887; 289.55662272988
1331.49; 1.012538; 290.5873426731
1332.51; 1.0754487; 291.68210306753
1333.52; 1.135801; 292.83829946241
1334.54; 1.1905652; 294.05024342691
1335.56; 1.2375775; 295.31004393585
1336.58; 1.2753407; 296.60828574571
1337.60; 1.302762; 297.93444127644
1338.61; 1.318977; 299.27710289884
1339.63; 1.3233424; 300.6242083905
1340.65; 1.315584; 301.96341610695
1341.67; 1.2959925; 303.28268054101
1342.69; 1.2655339; 304.57093941605
1343.70; 1.2257722; 305.81872265167
1344.72; 1.1785986; 307.018485181
1345.74; 1.1258567; 308.16455866874
1346.76; 1.0690163; 309.25277112398
1347.77; 1.0090366; 310.27992688113
1348.79; 0.94648099; 311.24340368362
1349.81; 0.88183611; 312.14107479262
1350.83; 0.8158937; 312.97161937524
1351.85; 0.75001758; 313.7351049119
1352.86; 0.68616238; 314.43358860908
1353.88; 0.62661003; 315.07145058064
1354.90; 0.57350678; 315.65525573972
1355.92; 0.52836612; 316.19310965356
1356.94; 0.49171802; 316.69365738085
1357.95; 0.46302857; 317.16500048084
1358.97; 0.44091126; 317.61382912011
1359.99; 0.42354616; 318.04498083162
1361.01; 0.40915676; 318.46148475514
1362.03; 0.39639028; 318.86499295552
1363.04; 0.38449983; 319.25639718742
1364.06; 0.37331059; 319.63641125681
1365.08; 0.36302981; 320.00595993901
1366.10; 0.35400252; 320.36631922875
1367.12; 0.34651067; 320.71905213604
1368.13; 0.34067217; 321.06584170333
1369.15; 0.33644168; 321.40832481703
1370.17; 0.3336726; 321.7479891238
1371.19; 0.3321856; 322.08613972645
1372.21; 0.33180412; 322.4239020077
1373.22; 0.3323488; 322.76221874896
1374.24; 0.33361231; 323.10182168016
1375.26; 0.33534892; 323.44319241212
1376.28; 0.33730376; 323.78655308674
1377.30; 0.33928187; 324.13192738647
1378.31; 0.3412313; 324.47928612529
1379.33; 0.34330021; 324.82875092727
1380.35; 0.34583338; 325.1807943843
1381.37; 0.34929653; 325.53636317651
1382.39; 0.35414651; 325.89686904109
1383.40; 0.36068884; 326.26403472078
1384.42; 0.36897094; 326.63963121354
1385.44; 0.37874674; 327.02517904793
1386.46; 0.38952223; 327.42169586991
1387.48; 0.40066219; 327.82955269332
1388.49; 0.41151886; 328.24846113551
1389.51; 0.42154018; 328.67757084537
1390.53; 0.43032912; 329.11562732261
1391.55; 0.43764946; 329.56113558796
1392.56; 0.44339625; 330.01249383683
1393.58; 0.44756158; 330.46809220908
1394.60; 0.45022218; 330.92639895921
1395.62; 0.45155812; 331.38606563721
1396.64; 0.45188883; 331.84606896578
1397.65; 0.45169578; 332.30587577848
1398.67; 0.45159856; 332.76558362458
1399.69; 0.45226631; 333.22597121342
1400.71; 0.45427386; 333.68840239992
1401.73; 0.45794063; 334.15456619961
1402.74; 0.46320765; 334.62609160249
1403.76; 0.46960453; 335.10412874944
1404.78; 0.47633309; 335.58901527801
1405.80; 0.48245578; 336.08013444388
1406.82; 0.48713881; 336.5760207343
1407.83; 0.48987787; 337.07469526387
1408.85; 0.4906376; 337.57414316396
1409.87; 0.48986443; 338.07280401793
1410.89; 0.48837535; 338.56994905267
1411.91; 0.48716619; 339.06586320834
1412.92; 0.48720609; 339.56181798516
1413.94; 0.489281; 340.05988493032
1414.96; 0.49392098; 340.56267517912
1415.98; 0.50140711; 341.0730859758
1417.00; 0.51182013; 341.59409677838
1418.01; 0.52508096; 342.128606536
1419.03; 0.54094632; 342.67926654753
1420.05; 0.55895617; 343.24825980357
1421.07; 0.57836627; 343.83701171093
1422.09; 0.59812198; 344.44587407896
1423.10; 0.61692507; 345.0738771822
1424.12; 0.63341443; 345.71866574064
1425.14; 0.64643395; 346.37670760767
1426.16; 0.65531729; 347.04379232902
1427.18; 0.66009795; 347.71574355735
1428.19; 0.66156553; 348.38918871641
1429.21; 0.66113265; 349.06219322893
1430.23; 0.6605375; 349.7345919011
1431.25; 0.66146164; 350.40793131082
1432.27; 0.66517239; 351.08504810409
1433.28; 0.67229115; 351.76941148135
1434.30; 0.6827474; 352.46441887069
1435.32; 0.69591682; 353.17283216347
1436.34; 0.71088316; 353.89648054617
1437.36; 0.72672817; 354.63625846414
1438.37; 0.74275316; 355.39234912493
1439.39; 0.7585689; 356.16453953358
1440.41; 0.77404418; 356.95248311246
1441.43; 0.78915664; 357.75581052007
1442.44; 0.80382356; 358.574068221
1443.46; 0.81779219; 359.40654538026
1444.48; 0.83063963; 360.25210068235
1445.50; 0.84188379; 361.10910205678
1446.52; 0.85115811; 361.9755442879
1447.53; 0.85837419; 362.84933217064
1448.55; 0.86379904; 363.7286423203
1449.57; 0.86800732; 364.61223631251
1450.59; 0.87171971; 365.49960936134
1451.61; 0.87558666; 366.39091879974
1452.62; 0.88000035; 367.2867211775
1453.64; 0.88500744; 368.18762056068
1454.66; 0.8903532; 369.09396169847
1455.68; 0.89563118; 370.00567558743
1456.70; 0.90046662; 370.92231175035
1457.71; 0.90464662; 371.84320296853
1458.73; 0.90813441; 372.76764461257
1459.75; 0.91096075; 373.69496334966
1460.77; 0.91304723; 374.62440603517
1461.79; 0.91405735; 375.55487697136
1462.80; 0.91336879; 376.48464698318
1463.82; 0.91021284; 377.41120437662
1464.84; 0.90395095; 378.33138743691
1465.86; 0.8943874; 379.2418352161
1466.88; 0.8819834; 380.13965625882
1467.89; 0.86786099; 381.02310129576
1468.91; 0.85355999; 381.89198853559
1469.93; 0.84060974; 382.74769297323
1470.95; 0.83005852; 383.59265673248
1471.97; 0.82213253; 384.42955216968
1472.98; 0.81615674; 385.26036451491
1474.00; 0.81077758; 386.08570110353
1475.02; 0.80441612; 386.9045620002
1476.04; 0.79579763; 387.71464965049
1477.06; 0.78437995; 388.51311459701
1478.07; 0.77054829; 389.29749950109
1479.09; 0.75553599; 390.06660253843
1480.11; 0.74112997; 390.82104086434
1481.13; 0.72928443; 391.56342094666
1482.15; 0.72177505; 392.29815680269
1483.16; 0.71997918; 393.03106453641
1484.18; 0.72479514; 393.76887471289
1485.20; 0.73665086; 394.51875349582
1486.22; 0.75552872; 395.28784912678
1487.23; 0.78095711; 396.08282976878
1488.25; 0.81197213; 396.90938235442
1489.27; 0.84710427; 397.77169794696
1490.29; 0.88446443; 398.67204457276
1491.31; 0.92197688; 399.61057725432
1492.32; 0.95774583; 400.58552118074
1493.34; 0.99047393; 401.59378090281
1494.36; 1.0198096; 402.63190305911
1495.38; 1.046506; 403.69720103802
1496.40; 1.0723285; 404.78878520737
1497.41; 1.099725; 405.90825779594
1498.43; 1.131347; 407.05992022974
1499.45; 1.1695461; 408.25046768713
1500.47; 1.2159623; 409.48826482504
1501.49; 1.2712785; 410.78237145653
1502.50; 1.3351573; 412.14150402424
1503.52; 1.4063317; 413.5730890258
1504.54; 1.4827978; 415.08251318255
1505.56; 1.5620632; 416.67262616501
1506.58; 1.6414162; 418.34351698605
1507.59; 1.7181925; 420.09256281811
1508.61; 1.7900246; 421.9147306287
1509.63; 1.8550518; 423.80309331566
1510.65; 1.9120801; 425.74950835274
1511.67; 1.9606936; 427.745409852
1512.68; 2.0013431; 429.7826908008
1513.70; 2.0354498; 431.85469083144
1514.72; 2.0655453; 433.95732685857
1515.74; 2.0954182; 436.09037215605
1516.76; 2.1301584; 438.25878150128
1517.77; 2.1759363; 440.47379076796
1518.79; 2.2393476; 442.75334994477
1519.81; 2.3262501; 445.12137212776
1520.83; 2.4401957; 447.60538609914
1521.85; 2.580776; 450.232504737
1522.86; 2.7423699; 453.02411890916
1523.88; 2.9138194; 455.99026127973
1524.90; 3.0794099; 459.1249676466
1525.92; 3.2212077; 462.4040180467
1526.94; 3.3223957; 465.78607350072
1527.95; 3.3708754; 469.21747923388
1528.97; 3.3622089; 472.64006280147
1529.99; 3.3010485; 476.00038774536
1531.01; 3.2005466; 479.25840612341
1532.03; 3.0797626; 482.39347152801
1533.04; 2.9596371; 485.40625433755
1534.06; 2.8585112; 488.31609538879
1535.08; 2.7883013; 491.15446575282
1536.10; 2.752262; 493.9561496641
1537.11; 2.7448359; 496.7502741706
1538.13; 2.7535299; 499.55324876562
1539.15; 2.7622449; 502.36509489268
1540.17; 2.755158; 505.16972684855
1541.19; 2.7201859; 507.93875875444
1542.20; 2.6512518; 510.63761865838
1543.22; 2.5489451; 513.23233473936
1544.24; 2.4196022; 515.69538534508
1545.26; 2.273213; 518.00941807227
1546.28; 2.1207956; 520.1682964451
1547.29; 1.9719319; 522.17563805895
1548.31; 1.8330346; 524.04158822278
1549.33; 1.7066679; 525.77890251638
1550.35; 1.5919496; 527.3994384941
1551.37; 1.4857875; 528.91190602462
1552.38; 1.3845181; 530.32128574436
1553.40; 1.2854538; 531.62982221003
1554.42; 1.1879123; 532.83906567465
1555.44; 1.0934809; 533.95218205871
1556.46; 1.0054943; 534.97573182079
1557.47; 0.92793294; 535.92032751127
1558.49; 0.86410314; 536.79994722442
1559.51; 0.815504; 537.63009510297
1560.53; 0.78121561; 538.42533887866
1561.55; 0.75797304; 539.19692272894
1562.56; 0.74088377; 539.95111043678
1563.58; 0.72456192; 540.68868320971
1564.60; 0.70434693; 541.40567799105
1565.62; 0.67727301; 542.09511269236
1566.64; 0.64255283; 542.74920374581
1567.65; 0.60149489; 543.36149958372
1568.67; 0.55693746; 543.92843788061
1569.69; 0.51240184; 544.45004084135
1570.71; 0.47121448; 544.929716845
1571.73; 0.43581753; 545.37336027993
1572.74; 0.4074017; 545.78807763098
1573.76; 0.38588824; 546.18089520585
1574.78; 0.37019335; 546.55773606157
1575.80; 0.35865226; 546.92282859068
1576.82; 0.34946842; 547.27857236531
1577.83; 0.34107921; 547.62577628093
1578.85; 0.33237668; 547.96412140216
1579.87; 0.32277234; 548.29268971893
1580.89; 0.31213512; 548.61042980047
1581.90; 0.30065465; 548.91648326503
1582.92; 0.28868607; 549.21035323124
1583.94; 0.27662161; 549.4919420894
1584.96; 0.26481415; 549.76151147138
1585.98; 0.25355485; 550.01961936493
1586.99; 0.24308719; 550.26707163003
1588.01; 0.23362993; 550.50489682214
1589.03; 0.22538224; 550.73432621464
1590.05; 0.21849678; 550.95674651254
1591.07; 0.2130257; 551.1735974831
1592.08; 0.2088615; 551.38620948192
1593.10; 0.20570434; 551.59560762697
1594.12; 0.20308197; 551.80233630921
1595.14; 0.20043117; 552.00636659345
1596.16; 0.19722494; 552.20713306927
1597.17; 0.19310839; 552.40370908035
1598.19; 0.1879978; 552.59508272415
1599.21; 0.18210538; 552.78045814214
1600.23; 0.17587645; 552.9594927835
1601.25; 0.16985539; 553.13239823836
1602.26; 0.16452238; 553.29987491744
1603.28; 0.16015357; 553.46290434411
1604.30; 0.15674893; 553.62246799236
1605.32; 0.15404837; 553.77928258688
1606.34; 0.15162664; 553.93363196635
1607.35; 0.14903167; 554.0853397773
1608.37; 0.1459192; 554.23387922596
1609.39; 0.14214142; 554.37857305565
1610.41; 0.13776601; 554.51881291176
1611.43; 0.13302687; 554.65422852769
1612.44; 0.12822958; 554.78476070722
1613.46; 0.12364675; 554.91062776797
1614.48; 0.11943756; 555.03221005279
1615.50; 0.1156142; 555.14990032429
1616.52; 0.11206096; 555.26397355091
1617.53; 0.10859464; 555.37451821079
1618.55; 0.10504382; 555.48144828771
1619.57; 0.101321; 555.58458869662
1620.59; 0.097465991; 555.68380486992
1621.61; 0.093648775; 555.77913528211
1622.62; 0.090132259; 555.87088603276
1623.64; 0.087206089; 555.95965806826
1624.66; 0.085109981; 556.0462963562
1625.68; 0.083966899; 556.13177103625
1626.70; 0.083743097; 556.21701789517
1627.71; 0.084244645; 556.30277530886
1628.73; 0.085150729; 556.38945507691
1629.75; 0.086075167; 556.47707588311
1630.77; 0.086641508; 556.56527319921
1631.78; 0.086554903; 556.65338235587
1632.80; 0.085655893; 556.74057635903
1633.82; 0.083946163; 556.82602993065
1634.84; 0.081582748; 556.90907764799
1635.86; 0.078843334; 556.98933675938
1636.87; 0.076070213; 557.06677295358
1637.89; 0.073603636; 557.14169827929
1638.91; 0.071716694; 557.21470277933
1639.93; 0.070563663; 557.28653354343
1640.95; 0.070151813; 557.35794506203
1641.96; 0.070342887; 557.42955108544
1642.98; 0.070884891; 557.50170884533
1644.00; 0.071468207; 557.57446039603
1645.02; 0.071793836; 557.64754342333
1646.04; 0.071637769; 557.72046758127
1647.05; 0.070895745; 557.79263639075
1648.07; 0.069597523; 557.86348366556
1649.09; 0.067888193; 557.93259091661
1650.11; 0.065983445; 557.99975921641
1651.13; 0.064112874; 558.06502335595
1652.14; 0.062467907; 558.12861298949
1653.16; 0.061167832; 558.190879203
1654.18; 0.060250133; 558.25221123841
1655.20; 0.05968265; 558.31296560033
1656.22; 0.059388459; 558.37342048933
1657.23; 0.059272036; 558.43375686408
1658.25; 0.059237713; 558.49405829955
1659.27; 0.059197152; 558.55431844571
1660.29; 0.059068597; 558.61444772865
1661.31; 0.058774487; 558.67427762011
1662.32; 0.058243968; 558.7335674662
1663.34; 0.057423369; 558.79202197744
1664.36; 0.056292586; 558.84932540104
1665.38; 0.054881109; 558.90519200206
1666.40; 0.053275964; 558.95942463452
1667.41; 0.051615879; 559.01196737202
1668.43; 0.050070498; 559.06293697803
1669.45; 0.048808669; 559.11262209664
1670.47; 0.047963681; 559.16144705425
1671.49; 0.047604476; 559.20990635651
1672.50; 0.047720157; 559.25848341724
1673.52; 0.048221378; 559.30757069936
1674.54; 0.048957802; 559.3574076287
1675.56; 0.04974714; 559.40804807055
1676.57; 0.050409138; 559.45936239801
1677.59; 0.05079744; 559.51107199992
1678.61; 0.050823321; 559.56280794709
1679.63; 0.050467246; 559.61418142601
1680.65; 0.049776684; 559.66485194227
1681.66; 0.048851152; 559.71458030653
1682.68; 0.047817888; 559.76325685321
1683.70; 0.046803383; 559.81090067782
1684.72; 0.045906967; 559.85763198954
1685.74; 0.045182357; 559.90362567919
1686.75; 0.044631353; 559.94905847079
1687.77; 0.044211001; 559.99406336169
1688.79; 0.043852099; 560.03870290607
1689.81; 0.04348389; 560.08296762975
1690.83; 0.043057965; 560.12679877967
1691.84; 0.042564524; 560.17012762851
1692.86; 0.042036215; 560.21291868134
1693.88; 0.041538272; 560.25520284965
1694.90; 0.04114773; 560.29708946345
1695.92; 0.040927791; 560.33875218888
1696.93; 0.040905065; 560.38039177991
1697.95; 0.041056788; 560.42218581821
1698.97; 0.041312314; 560.46423997164
1699.99; 0.041568953; 560.50655537224
1701.01; 0.041717783; 560.54902227468
1702.02; 0.041671839; 560.59144240858
1703.04; 0.041388108; 560.63357371644
1704.06; 0.040876538; 560.67518426796
1705.08; 0.040193405; 560.71609941944
1706.10; 0.039421517; 560.75622882292
1707.11; 0.038644248; 560.79556700001
1708.13; 0.037922564; 560.83417053369
1709.15; 0.03728319; 560.87212321181
1710.17; 0.036721967; 560.90950458955
1711.19; 0.036220702; 560.94637570118
1712.20; 0.035770408; 560.98278843252
1713.22; 0.035390918; 561.01881485941
1714.24; 0.035137633; 561.0545834531
1715.26; 0.035090599; 561.09030416914
1716.28; 0.035327751; 561.12626629549
1717.29; 0.035890567; 561.1628013437
1718.31; 0.036754226; 561.20021555947
1719.33; 0.037813976; 561.23870855503
1720.35; 0.038894814; 561.27830179768
1721.37; 0.039784201; 561.31880039725
1722.38; 0.040279848; 561.35980354399
1723.40; 0.040239359; 561.40076547499
1724.42; 0.039617389; 561.44109426708
1725.44; 0.038479489; 561.4802647261
1726.45; 0.036988684; 561.51791761052
1727.47; 0.035368777; 561.55392149963
1728.49; 0.033854849; 561.58838427531
1729.51; 0.032644444; 561.62161491059
1730.53; 0.031861733; 561.65404878038
1731.54; 0.031542269; 561.68615744913
1732.56; 0.031639453; 561.71836504744
1733.58; 0.03204781; 561.75098833512
1734.60; 0.032634286; 561.78420863012
1735.62; 0.033268147; 561.81807416859
1736.63; 0.033842275; 561.85252414444
1737.65; 0.034282735; 561.88742248889
1738.67; 0.034547742; 561.92259059907
1739.69; 0.034620171; 561.95783243875
1740.71; 0.034498682; 561.99295060829
1741.72; 0.034191448; 562.02775602663
1742.74; 0.033714053; 562.06207547775
1743.76; 0.033090617; 562.09576029779
1744.78; 0.03235554; 562.12869684089
1745.80; 0.03155313; 562.16081656577
1746.81; 0.030733599; 562.19210204296
1747.83; 0.029945857; 562.22258563363
1748.85; 0.029229333; 562.25233983373
1749.87; 0.028607764; 562.28146130308
1750.89; 0.028087391; 562.31005305544
1751.90; 0.027660312; 562.33821005971
1752.92; 0.027311704; 562.36601219611
1753.94; 0.027028066; 562.39352560126
1754.96; 0.026803177; 562.42081007864
1755.98; 0.026639369; 562.44792780724
1756.99; 0.026543617; 562.47494806406
1758.01; 0.026520062; 562.50194434305
1759.03; 0.026562184; 562.52898349992
1760.05; 0.026648125; 562.55611014091
1761.07; 0.026741672; 562.58333200918
1762.08; 0.026799335; 562.61061257547
1763.10; 0.026781648; 562.63787513749
1764.12; 0.026665101; 562.66501905957
1765.14; 0.026450554; 562.69194458201
1766.16; 0.026164935; 562.71857935627
1767.17; 0.025855059; 562.74489869025
1768.19; 0.025574961; 562.77093289677
1769.21; 0.025370285; 562.79675875214
1770.23; 0.025264354; 562.82247677397
1771.24; 0.025250148; 562.84818033511
1772.26; 0.025290692; 562.87392516866
1773.28; 0.025327807; 562.89970778308
1774.30; 0.025296685; 562.92545871657
1775.32; 0.025142073; 562.95105226192
1776.33; 0.024831514; 562.97632967137
1777.35; 0.024362223; 563.00112936284
1778.37; 0.023760311; 563.02531633378
1779.39; 0.023073456; 563.04880411681
1780.41; 0.022359977; 563.0715656085
1781.42; 0.021677909; 563.09363278427
1782.44; 0.021077069; 563.11508833101
1783.46; 0.02059543; 563.13605359049
1784.48; 0.020259248; 563.15667663124
1785.50; 0.020084976; 563.17712227059
1786.51; 0.020080664; 563.19756352038
1787.53; 0.02024532; 563.21817238229
1788.55; 0.020566229; 563.23910791593
1789.57; 0.021015765; 563.26050105738
1790.59; 0.021550029; 563.28243805674
1791.60; 0.022111382; 563.30494648908
1792.62; 0.022635552; 563.32798850427
1793.64; 0.023062167; 563.3514647952
1794.66; 0.023345928; 563.37522994272
1795.68; 0.023465003; 563.39911630358
1796.69; 0.02342381; 563.42296073104
1797.71; 0.023249049; 563.44662725995
1798.73; 0.022980031; 563.47001993971
1799.75; 0.022656182; 563.49308295571
1800.77; 0.022305578; 563.51578907144
1801.78; 0.021937967; 563.53812097539
1802.80; 0.021544364; 563.56005220795
1803.82; 0.021103208; 563.58153436254
1804.84; 0.020591149; 563.60249526374
1805.86; 0.019995159; 563.62284947254
1806.87; 0.019322309; 563.64251874911
1807.89; 0.018604218; 563.66145704001
1808.91; 0.017894571; 563.6796729408
1809.93; 0.017259932; 563.69724280634
1810.95; 0.01676582; 563.7143096879
1811.96; 0.016461326; 563.73106660754
1812.98; 0.016366086; 563.7477265764
1814.00; 0.016463102; 563.76448530385
1815.02; 0.016699657; 563.78148483454
1816.04; 0.01699668; 563.79878672143
1817.05; 0.01726481; 563.81636155318
1818.07; 0.017423581; 563.83409800679
1819.09; 0.017419133; 563.85182993217
1820.11; 0.017236055; 563.86937549235
1821.12; 0.016900343; 563.88657931231
1822.14; 0.016472713; 563.90334782296
1823.16; 0.016034032; 563.91966977526
1824.18; 0.015666652; 563.93561775068
1825.20; 0.01543637; 563.95133130973
1826.21; 0.015379369; 563.96698684344
1827.23; 0.015496919; 563.98276203775
1828.25; 0.015758461; 563.99880347094
1829.27; 0.016111498; 564.01520428026
1830.29; 0.01649523; 564.03199571241
1831.30; 0.016854352; 564.04915271518
1832.32; 0.017149864; 564.06661053706
1833.34; 0.017364924; 564.08428728045
1834.36; 0.017505152; 564.10210677025
1835.38; 0.017594099; 564.12001680352
1836.39; 0.017665408; 564.13799942614
1837.41; 0.017753622; 564.15607184677
1838.43; 0.017885506; 564.17427852032
1839.45; 0.018073454; 564.19267651624
1840.47; 0.018312018; 564.21131736031
1841.48; 0.018578055; 564.23022901843
1842.50; 0.018834332; 564.24940155534
1843.52; 0.019035909; 564.26877928925
1844.54; 0.01913814; 564.28826108978
1845.56; 0.019104876; 564.30770902896
1846.57; 0.018915453; 564.3269641442
1847.59; 0.018569266; 564.34586685619
1848.61; 0.018087145; 564.36427878883
1849.63; 0.017509249; 564.38210244904
1850.65; 0.016889707; 564.39929544222
1851.66; 0.016288647; 564.41587658161
1852.68; 0.015762723; 564.43192235361
1853.70; 0.01535559; 564.44755368145
1854.72; 0.01509004; 564.46291469062
1855.74; 0.014963606; 564.47814699588
1856.75; 0.01494907; 564.49336450428
1857.77; 0.015000479; 564.50863434457
1858.79; 0.015063973; 564.52396881879
1859.81; 0.015091229; 564.5393310391
1860.83; 0.015052133; 564.55465346133
1861.84; 0.01494291; 564.56986469884
1862.86; 0.014786783; 564.58491700583
1863.88; 0.0146262; 564.59980584641
1864.90; 0.014508333; 564.61457470295
1865.91; 0.014468036; 564.62930253896
1866.93; 0.014513803; 564.64407696369
1867.95; 0.014621798; 564.65896132352
1868.97; 0.014740747; 564.67396676833
1869.99; 0.014806909; 564.68903956255
1871.00; 0.014764783; 564.70406947493
1872.02; 0.014586863; 564.71891827206
1873.04; 0.01428561; 564.73346040615
1874.06; 0.01391313; 564.74762337196
1875.08; 0.013548001; 564.76141465205
1876.09; 0.013273036; 564.77492602944
1877.11; 0.013150932; 564.78831311031
1878.13; 0.013205547; 564.80175578704
1879.15; 0.013414719; 564.81541139236
1880.17; 0.013716717; 564.82937441852
1881.18; 0.014027955; 564.84365427123
1882.20; 0.014266116; 564.85817656187
1883.22; 0.01437145; 564.87280607759
1884.24; 0.014320119; 564.88738334109
1885.26; 0.014126531; 564.90176354013
1886.27; 0.013835319; 564.91584729762
1887.29; 0.01350675; 564.92959658584
1888.31; 0.013200735; 564.94303436486
1889.33; 0.012964101; 564.95623125983
1890.35; 0.012823757; 564.96928529107
1891.36; 0.012785948; 564.98230083483
1892.38; 0.01283977; 564.99537116656
1893.40; 0.012962404; 565.00856633493
1894.42; 0.013124003; 565.02192600374
1895.44; 0.013291377; 565.03545605221
1896.45; 0.013430913; 565.04912814176
1897.47; 0.013511709; 565.06288247836
1898.49; 0.013509637; 565.07663470627
1899.51; 0.013412039; 565.09028758354
1900.53; 0.013221721; 565.10374672515
1901.54; 0.01295839; 565.11693780746
1902.56; 0.012656067; 565.12982113799
1903.58; 0.012356252; 565.14239926884
1904.60; 0.012098232; 565.15471474692
1905.62; 0.011909236; 565.16683783562
1906.63; 0.011797518; 565.17884719999
1907.65; 0.011750767; 565.19080897422
1908.67; 0.011740592; 565.20276038997
1909.69; 0.011731835; 565.21470289135
1910.71; 0.011693893; 565.22660676992
1911.72; 0.011610516; 565.23842577398
1912.74; 0.011485054; 565.2501170638
1913.76; 0.0113396; 565.26166028759
1914.78; 0.01120836; 565.27306991395
1915.79; 0.011127374; 565.28439710037
1916.81; 0.011123728; 565.2957205756
1917.83; 0.011207433; 565.30712925877
1918.85; 0.011368268; 565.31870166473
1919.87; 0.011578346; 565.33048792138
1920.88; 0.011799499; 565.34249930232
1921.90; 0.011993237; 565.35470789965
1922.92; 0.012130402; 565.36705612504
1923.94; 0.012197819; 565.37947297816
1924.96; 0.012200166; 565.39189222039
1925.97; 0.012156699; 565.40426721569
1926.99; 0.012093946; 565.4165783311
1928.01; 0.012036618; 565.42883108874
1929.03; 0.011999504; 565.44104606576
1930.05; 0.011982794; 565.45324403336
1931.06; 0.011972255; 565.46543127186
1932.08; 0.0119442; 565.47758995218
1933.10; 0.01187376; 565.48967692788
1934.12; 0.011743876; 565.50163168716
1935.14; 0.011552226; 565.5133913552
1936.15; 0.011313877; 565.52490839384
1937.17; 0.011058743; 565.53616571752
1938.19; 0.010824529; 565.54718462069
1939.21; 0.010647167; 565.5580229774
1940.23; 0.010551529; 565.56876397904
1941.24; 0.010545021; 565.57949835527
1942.26; 0.010615795; 565.59030477696
1943.28; 0.010735931; 565.60123349119
1944.30; 0.010868509; 565.61229716482
1945.32; 0.010976553; 565.62347082207
1946.33; 0.011031415; 565.63470032653
1947.35; 0.011018597; 565.64591678277
1948.37; 0.010939807; 565.65705303416
1949.39; 0.010811149; 565.66805831717
1950.41; 0.010658273; 565.67890797964
1951.42; 0.010509933; 565.6896066384
1952.44; 0.010391565; 565.70018480363
1953.46; 0.010320317; 565.71069044129
1954.48; 0.010302464; 565.72117790481
1955.50; 0.010333547; 565.73169700971
1956.51; 0.010400963; 565.74228474138
1957.53; 0.010488193; 565.75296126913
1958.55; 0.010579523; 565.76373076696
1959.57; 0.010664007; 565.77458626601
1960.58; 0.010737607; 565.78551668675
1961.60; 0.010802946; 565.79651361983
1962.62; 0.010866794; 565.80757554691
1963.64; 0.010936112; 565.81870803727
1964.66; 0.011013998; 565.8299198117
1965.67; 0.011096937; 565.84121601498
1966.69; 0.011174414; 565.85259108658
1967.71; 0.011231105; 565.86402386718
1968.73; 0.011250994; 565.8754768937
1969.75; 0.011222024; 565.88690042965
1970.76; 0.011139691; 565.89824015463
1971.78; 0.011008375; 565.90944620557
1972.80; 0.01084004; 565.92048089802
1973.82; 0.010650939; 565.93132309476
1974.84; 0.010457682; 565.94196856369
1975.85; 0.010274147; 565.95242720149
1976.87; 0.010110302; 565.96271905298
1977.89; 0.0099730515; 565.97287118901
1978.91; 0.0098682854; 565.98291667773
1979.93; 0.0098027701; 565.99289547469
1980.94; 0.0097845347; 566.00285570876
1981.96; 0.0098211192; 566.01285318431
1982.98; 0.009916055; 566.02294730045
1984.00; 0.010064879; 566.03319291254
1985.02; 0.010252416; 566.04362942935
1986.03; 0.010452818; 566.05426994681
1987.05; 0.010632962; 566.06509384285
1988.07; 0.010758666; 566.07604570099
1989.09; 0.010802162; 566.08704183618
1990.11; 0.010748729; 566.09798357858
1991.12; 0.010600586; 566.10877451769
1992.14; 0.010376874; 566.11933772776
1993.16; 0.010109655; 566.12962892059
1994.18; 0.0098369221; 566.13964248277
1995.20; 0.0095943568; 566.14940912395
1996.21; 0.0094078354; 566.15898589442
1997.23; 0.0092884247; 566.16844110994
1998.25; 0.0092309794; 566.17783784862
1999.27; 0.0092165814; 566.1872199308
2000.29; 0.0092181657; 566.1966036257
